"CRTN_TM","FCST_TM","LEAD_TM","FCST_MINPW","FCST_CURT","REG_DATE","UPD_DATE"
"202508010300","202508020000","02100",700.00,25.40,2025-08-01 02:50:06.000,2025-08-01 02:50:06.000
"202508010300","202508020100","02200",700.00,-14.46,2025-08-01 02:50:06.000,2025-08-01 02:50:06.000
"202508010300","202508020200","02300",650.00,-0.27,2025-08-01 02:50:06.000,2025-08-01 02:50:06.000
"202508010300","202508020300","02400",650.00,11.15,2025-08-01 02:50:06.000,2025-08-01 02:50:06.000
"202508010300","202508020400","02500",700.00,27.64,2025-08-01 02:50:06.000,2025-08-01 02:50:06.000
"202508010300","202508020500","02600",650.00,13.63,2025-08-01 02:50:06.000,2025-08-01 02:50:06.000
"202508010300","202508020600","02700",650.00,10.95,2025-08-01 02:50:06.000,2025-08-01 02:50:06.000
"202508010300","202508020700","02800",700.00,26.66,2025-08-01 02:50:06.000,2025-08-01 02:50:06.000
"202508010300","202508020800","02900",700.00,28.19,2025-08-01 02:50:06.000,2025-08-01 02:50:06.000
"202508010300","202508020900","03000",650.00,-10.53,2025-08-01 02:50:06.000,2025-08-01 02:50:06.000
"202508010300","202508021000","03100",500.00,-0.46,2025-08-01 02:50:06.000,2025-08-01 02:50:06.000
"202508010300","202508021100","03200",500.00,11.31,2025-08-01 02:50:06.000,2025-08-01 02:50:06.000
"202508010300","202508021200","03300",500.00,30.91,2025-08-01 02:50:06.000,2025-08-01 02:50:06.000
"202508010300","202508021300","03400",500.00,19.80,2025-08-01 02:50:06.000,2025-08-01 02:50:06.000
"202508010300","202508021400","03500",550.00,27.44,2025-08-01 02:50:06.000,2025-08-01 02:50:06.000
"202508010300","202508021500","03600",550.00,13.93,2025-08-01 02:50:06.000,2025-08-01 02:50:06.000
"202508010300","202508021600","03700",650.00,18.22,2025-08-01 02:50:06.000,2025-08-01 02:50:06.000
"202508010300","202508021700","03800",750.00,-4.78,2025-08-01 02:50:06.000,2025-08-01 02:50:06.000
"202508010300","202508021800","03900",850.00,-28.45,2025-08-01 02:50:06.000,2025-08-01 02:50:06.000
"202508010300","202508021900","04000",900.00,-7.37,2025-08-01 02:50:06.000,2025-08-01 02:50:06.000
"202508010300","202508022000","04100",950.00,31.87,2025-08-01 02:50:06.000,2025-08-01 02:50:06.000
"202508010300","202508022100","04200",850.00,6.36,2025-08-01 02:50:06.000,2025-08-01 02:50:06.000
"202508010300","202508022200","04300",800.00,34.92,2025-08-01 02:50:06.000,2025-08-01 02:50:06.000
"202508010300","202508022300","04400",750.00,5.70,2025-08-01 02:50:06.000,2025-08-01 02:50:06.000
"202508010300","202508030000","04500",750.00,2.09,2025-08-01 02:50:06.000,2025-08-01 02:50:06.000
"202508010300","202508030100","04600",600.00,2.59,2025-08-01 02:50:06.000,2025-08-01 02:50:06.000
"202508010300","202508030200","04700",600.00,24.46,2025-08-01 02:50:06.000,2025-08-01 02:50:06.000
"202508010300","202508030300","04800",650.00,-9.71,2025-08-01 02:50:06.000,2025-08-01 02:50:06.000
"202508010300","202508030400","04900",750.00,-6.20,2025-08-01 02:50:06.000,2025-08-01 02:50:06.000
"202508010300","202508030500","05000",800.00,1.04,2025-08-01 02:50:06.000,2025-08-01 02:50:06.000
"202508010300","202508030600","05100",800.00,-0.44,2025-08-01 02:50:06.000,2025-08-01 02:50:06.000
"202508010300","202508030700","05200",750.00,18.28,2025-08-01 02:50:06.000,2025-08-01 02:50:06.000
"202508010300","202508030800","05300",750.00,36.11,2025-08-01 02:50:06.000,2025-08-01 02:50:06.000
"202508010300","202508030900","05400",700.00,16.51,2025-08-01 02:50:06.000,2025-08-01 02:50:06.000
"202508010300","202508031000","05500",700.00,33.48,2025-08-01 02:50:06.000,2025-08-01 02:50:06.000
"202508010300","202508031100","05600",700.00,25.22,2025-08-01 02:50:06.000,2025-08-01 02:50:06.000
"202508010300","202508031200","05700",650.00,32.17,2025-08-01 02:50:06.000,2025-08-01 02:50:06.000
"202508010300","202508031300","05800",650.00,27.31,2025-08-01 02:50:06.000,2025-08-01 02:50:06.000
"202508010300","202508031400","05900",700.00,14.88,2025-08-01 02:50:06.000,2025-08-01 02:50:06.000
"202508010300","202508031500","06000",750.00,14.63,2025-08-01 02:50:06.000,2025-08-01 02:50:06.000
"202508010300","202508031600","06100",800.00,12.94,2025-08-01 02:50:06.000,2025-08-01 02:50:06.000
"202508010300","202508031700","06200",750.00,26.88,2025-08-01 02:50:06.000,2025-08-01 02:50:06.000
"202508010300","202508031800","06300",750.00,27.73,2025-08-01 02:50:06.000,2025-08-01 02:50:06.000
"202508010300","202508031900","06400",700.00,-10.83,2025-08-01 02:50:06.000,2025-08-01 02:50:06.000
"202508010300","202508032000","06500",700.00,15.05,2025-08-01 02:50:06.000,2025-08-01 02:50:06.000
"202508010300","202508032100","06600",650.00,17.75,2025-08-01 02:50:06.000,2025-08-01 02:50:06.000
"202508010300","202508032200","06700",600.00,-1.53,2025-08-01 02:50:06.000,2025-08-01 02:50:06.000
"202508010300","202508032300","06800",600.00,-5.72,2025-08-01 02:50:06.000,2025-08-01 02:50:06.000
"202508010300","202508040000","06900",550.00,-3.06,2025-08-01 02:50:06.000,2025-08-01 02:50:06.000
"202508010900","202508020000","01500",700.00,0.88,2025-08-01 08:50:05.000,2025-08-01 08:50:05.000
"202508010900","202508020100","01600",650.00,16.31,2025-08-01 08:50:05.000,2025-08-01 08:50:05.000
"202508010900","202508020200","01700",600.00,20.87,2025-08-01 08:50:05.000,2025-08-01 08:50:05.000
"202508010900","202508020300","01800",600.00,11.83,2025-08-01 08:50:05.000,2025-08-01 08:50:05.000
"202508010900","202508020400","01900",600.00,-6.60,2025-08-01 08:50:05.000,2025-08-01 08:50:05.000
"202508010900","202508020500","02000",650.00,1.96,2025-08-01 08:50:05.000,2025-08-01 08:50:05.000
"202508010900","202508020600","02100",650.00,16.37,2025-08-01 08:50:05.000,2025-08-01 08:50:05.000
"202508010900","202508020700","02200",650.00,3.72,2025-08-01 08:50:05.000,2025-08-01 08:50:05.000
"202508010900","202508020800","02300",650.00,0.51,2025-08-01 08:50:05.000,2025-08-01 08:50:05.000
"202508010900","202508020900","02400",600.00,11.20,2025-08-01 08:50:05.000,2025-08-01 08:50:05.000
"202508010900","202508021000","02500",500.00,-4.26,2025-08-01 08:50:05.000,2025-08-01 08:50:05.000
"202508010900","202508021100","02600",450.00,2.17,2025-08-01 08:50:05.000,2025-08-01 08:50:05.000
"202508010900","202508021200","02700",450.00,47.34,2025-08-01 08:50:05.000,2025-08-01 08:50:05.000
"202508010900","202508021300","02800",400.00,39.68,2025-08-01 08:50:05.000,2025-08-01 08:50:05.000
"202508010900","202508021400","02900",400.00,0.23,2025-08-01 08:50:05.000,2025-08-01 08:50:05.000
"202508010900","202508021500","03000",550.00,25.33,2025-08-01 08:50:05.000,2025-08-01 08:50:05.000
"202508010900","202508021600","03100",600.00,-4.10,2025-08-01 08:50:05.000,2025-08-01 08:50:05.000
"202508010900","202508021700","03200",750.00,30.47,2025-08-01 08:50:05.000,2025-08-01 08:50:05.000
"202508010900","202508021800","03300",800.00,-12.97,2025-08-01 08:50:05.000,2025-08-01 08:50:05.000
"202508010900","202508021900","03400",850.00,-8.10,2025-08-01 08:50:05.000,2025-08-01 08:50:05.000
"202508010900","202508022000","03500",900.00,17.81,2025-08-01 08:50:05.000,2025-08-01 08:50:05.000
"202508010900","202508022100","03600",850.00,22.25,2025-08-01 08:50:05.000,2025-08-01 08:50:05.000
"202508010900","202508022200","03700",800.00,20.25,2025-08-01 08:50:05.000,2025-08-01 08:50:05.000
"202508010900","202508022300","03800",750.00,-13.15,2025-08-01 08:50:05.000,2025-08-01 08:50:05.000
"202508010900","202508030000","03900",650.00,17.99,2025-08-01 08:50:05.000,2025-08-01 08:50:05.000
"202508010900","202508030100","04000",650.00,37.12,2025-08-01 08:50:05.000,2025-08-01 08:50:05.000
"202508010900","202508030200","04100",550.00,13.71,2025-08-01 08:50:05.000,2025-08-01 08:50:05.000
"202508010900","202508030300","04200",650.00,21.93,2025-08-01 08:50:05.000,2025-08-01 08:50:05.000
"202508010900","202508030400","04300",600.00,2.92,2025-08-01 08:50:05.000,2025-08-01 08:50:05.000
"202508010900","202508030500","04400",550.00,2.04,2025-08-01 08:50:05.000,2025-08-01 08:50:05.000
"202508010900","202508030600","04500",600.00,-9.34,2025-08-01 08:50:05.000,2025-08-01 08:50:05.000
"202508010900","202508030700","04600",600.00,39.04,2025-08-01 08:50:05.000,2025-08-01 08:50:05.000
"202508010900","202508030800","04700",700.00,13.27,2025-08-01 08:50:05.000,2025-08-01 08:50:05.000
"202508010900","202508030900","04800",650.00,2.76,2025-08-01 08:50:05.000,2025-08-01 08:50:05.000
"202508010900","202508031000","04900",700.00,17.90,2025-08-01 08:50:05.000,2025-08-01 08:50:05.000
"202508010900","202508031100","05000",650.00,26.04,2025-08-01 08:50:05.000,2025-08-01 08:50:05.000
"202508010900","202508031200","05100",550.00,0.21,2025-08-01 08:50:05.000,2025-08-01 08:50:05.000
"202508010900","202508031300","05200",550.00,6.09,2025-08-01 08:50:05.000,2025-08-01 08:50:05.000
"202508010900","202508031400","05300",500.00,-2.77,2025-08-01 08:50:05.000,2025-08-01 08:50:05.000
"202508010900","202508031500","05400",550.00,4.32,2025-08-01 08:50:05.000,2025-08-01 08:50:05.000
"202508010900","202508031600","05500",650.00,0.58,2025-08-01 08:50:05.000,2025-08-01 08:50:05.000
"202508010900","202508031700","05600",800.00,28.44,2025-08-01 08:50:05.000,2025-08-01 08:50:05.000
"202508010900","202508031800","05700",750.00,6.51,2025-08-01 08:50:05.000,2025-08-01 08:50:05.000
"202508010900","202508031900","05800",750.00,-15.94,2025-08-01 08:50:05.000,2025-08-01 08:50:05.000
"202508010900","202508032000","05900",800.00,19.99,2025-08-01 08:50:05.000,2025-08-01 08:50:05.000
"202508010900","202508032100","06000",750.00,25.31,2025-08-01 08:50:05.000,2025-08-01 08:50:05.000
"202508010900","202508032200","06100",600.00,-3.26,2025-08-01 08:50:05.000,2025-08-01 08:50:05.000
"202508010900","202508032300","06200",600.00,16.87,2025-08-01 08:50:05.000,2025-08-01 08:50:05.000
"202508010900","202508040000","06300",500.00,-8.09,2025-08-01 08:50:05.000,2025-08-01 08:50:05.000
"202508011500","202508020000","00900",800.00,27.40,2025-08-01 14:50:05.000,2025-08-01 14:50:05.000
"202508011500","202508020100","01000",700.00,11.39,2025-08-01 14:50:05.000,2025-08-01 14:50:05.000
"202508011500","202508020200","01100",650.00,-7.21,2025-08-01 14:50:05.000,2025-08-01 14:50:05.000
"202508011500","202508020300","01200",550.00,-6.92,2025-08-01 14:50:05.000,2025-08-01 14:50:05.000
"202508011500","202508020400","01300",650.00,-5.43,2025-08-01 14:50:05.000,2025-08-01 14:50:05.000
"202508011500","202508020500","01400",650.00,2.96,2025-08-01 14:50:05.000,2025-08-01 14:50:05.000
"202508011500","202508020600","01500",650.00,9.48,2025-08-01 14:50:05.000,2025-08-01 14:50:05.000
"202508011500","202508020700","01600",650.00,7.94,2025-08-01 14:50:05.000,2025-08-01 14:50:05.000
"202508011500","202508020800","01700",650.00,-6.93,2025-08-01 14:50:05.000,2025-08-01 14:50:05.000
"202508011500","202508020900","01800",600.00,6.07,2025-08-01 14:50:05.000,2025-08-01 14:50:05.000
"202508011500","202508021000","01900",600.00,34.61,2025-08-01 14:50:05.000,2025-08-01 14:50:05.000
"202508011500","202508021100","02000",500.00,0.12,2025-08-01 14:50:05.000,2025-08-01 14:50:05.000
"202508011500","202508021200","02100",450.00,9.11,2025-08-01 14:50:05.000,2025-08-01 14:50:05.000
"202508011500","202508021300","02200",450.00,-2.57,2025-08-01 14:50:05.000,2025-08-01 14:50:05.000
"202508011500","202508021400","02300",450.00,45.09,2025-08-01 14:50:05.000,2025-08-01 14:50:05.000
"202508011500","202508021500","02400",550.00,39.32,2025-08-01 14:50:05.000,2025-08-01 14:50:05.000
"202508011500","202508021600","02500",650.00,28.07,2025-08-01 14:50:05.000,2025-08-01 14:50:05.000
"202508011500","202508021700","02600",750.00,15.87,2025-08-01 14:50:05.000,2025-08-01 14:50:05.000
"202508011500","202508021800","02700",850.00,-2.52,2025-08-01 14:50:05.000,2025-08-01 14:50:05.000
"202508011500","202508021900","02800",950.00,22.30,2025-08-01 14:50:05.000,2025-08-01 14:50:05.000
"202508011500","202508022000","02900",900.00,-16.41,2025-08-01 14:50:05.000,2025-08-01 14:50:05.000
"202508011500","202508022100","03000",900.00,-0.82,2025-08-01 14:50:05.000,2025-08-01 14:50:05.000
"202508011500","202508022200","03100",800.00,18.66,2025-08-01 14:50:05.000,2025-08-01 14:50:05.000
"202508011500","202508022300","03200",800.00,1.47,2025-08-01 14:50:05.000,2025-08-01 14:50:05.000
"202508011500","202508030000","03300",750.00,20.97,2025-08-01 14:50:05.000,2025-08-01 14:50:05.000
"202508011500","202508030100","03400",650.00,-10.00,2025-08-01 14:50:05.000,2025-08-01 14:50:05.000
"202508011500","202508030200","03500",650.00,24.68,2025-08-01 14:50:05.000,2025-08-01 14:50:05.000
"202508011500","202508030300","03600",600.00,4.77,2025-08-01 14:50:05.000,2025-08-01 14:50:05.000
"202508011500","202508030400","03700",550.00,-9.43,2025-08-01 14:50:05.000,2025-08-01 14:50:05.000
"202508011500","202508030500","03800",650.00,33.37,2025-08-01 14:50:05.000,2025-08-01 14:50:05.000
"202508011500","202508030600","03900",600.00,2.32,2025-08-01 14:50:05.000,2025-08-01 14:50:05.000
"202508011500","202508030700","04000",600.00,-10.39,2025-08-01 14:50:05.000,2025-08-01 14:50:05.000
"202508011500","202508030800","04100",600.00,30.62,2025-08-01 14:50:05.000,2025-08-01 14:50:05.000
"202508011500","202508030900","04200",600.00,10.12,2025-08-01 14:50:05.000,2025-08-01 14:50:05.000
"202508011500","202508031000","04300",550.00,-1.84,2025-08-01 14:50:05.000,2025-08-01 14:50:05.000
"202508011500","202508031100","04400",550.00,8.54,2025-08-01 14:50:05.000,2025-08-01 14:50:05.000
"202508011500","202508031200","04500",500.00,-6.40,2025-08-01 14:50:05.000,2025-08-01 14:50:05.000
"202508011500","202508031300","04600",500.00,36.91,2025-08-01 14:50:05.000,2025-08-01 14:50:05.000
"202508011500","202508031400","04700",500.00,14.80,2025-08-01 14:50:05.000,2025-08-01 14:50:05.000
"202508011500","202508031500","04800",550.00,16.02,2025-08-01 14:50:05.000,2025-08-01 14:50:05.000
"202508011500","202508031600","04900",700.00,17.54,2025-08-01 14:50:05.000,2025-08-01 14:50:05.000
"202508011500","202508031700","05000",800.00,16.67,2025-08-01 14:50:05.000,2025-08-01 14:50:05.000
"202508011500","202508031800","05100",800.00,12.62,2025-08-01 14:50:05.000,2025-08-01 14:50:05.000
"202508011500","202508031900","05200",850.00,4.99,2025-08-01 14:50:05.000,2025-08-01 14:50:05.000
"202508011500","202508032000","05300",800.00,-1.39,2025-08-01 14:50:05.000,2025-08-01 14:50:05.000
"202508011500","202508032100","05400",750.00,3.11,2025-08-01 14:50:05.000,2025-08-01 14:50:05.000
"202508011500","202508032200","05500",700.00,25.13,2025-08-01 14:50:05.000,2025-08-01 14:50:05.000
"202508011500","202508032300","05600",650.00,3.73,2025-08-01 14:50:05.000,2025-08-01 14:50:05.000
"202508011500","202508040000","05700",600.00,5.34,2025-08-01 14:50:05.000,2025-08-01 14:50:05.000
"202508012100","202508020000","00300",700.00,-8.89,2025-08-01 20:50:05.000,2025-08-01 20:50:05.000
"202508012100","202508020100","00400",650.00,10.25,2025-08-01 20:50:05.000,2025-08-01 20:50:05.000
"202508012100","202508020200","00500",700.00,13.57,2025-08-01 20:50:05.000,2025-08-01 20:50:05.000
"202508012100","202508020300","00600",700.00,35.15,2025-08-01 20:50:05.000,2025-08-01 20:50:05.000
"202508012100","202508020400","00700",700.00,0.73,2025-08-01 20:50:05.000,2025-08-01 20:50:05.000
"202508012100","202508020500","00800",700.00,10.02,2025-08-01 20:50:05.000,2025-08-01 20:50:05.000
"202508012100","202508020600","00900",650.00,15.02,2025-08-01 20:50:05.000,2025-08-01 20:50:05.000
"202508012100","202508020700","01000",750.00,34.78,2025-08-01 20:50:05.000,2025-08-01 20:50:05.000
"202508012100","202508020800","01100",700.00,2.90,2025-08-01 20:50:05.000,2025-08-01 20:50:05.000
"202508012100","202508020900","01200",700.00,32.99,2025-08-01 20:50:05.000,2025-08-01 20:50:05.000
"202508012100","202508021000","01300",600.00,26.92,2025-08-01 20:50:05.000,2025-08-01 20:50:05.000
"202508012100","202508021100","01400",450.00,17.68,2025-08-01 20:50:05.000,2025-08-01 20:50:05.000
"202508012100","202508021200","01500",450.00,28.55,2025-08-01 20:50:05.000,2025-08-01 20:50:05.000
"202508012100","202508021300","01600",450.00,50.30,2025-08-01 20:50:05.000,2025-08-01 20:50:05.000
"202508012100","202508021400","01700",450.00,47.39,2025-08-01 20:50:05.000,2025-08-01 20:50:05.000
"202508012100","202508021500","01800",550.00,8.82,2025-08-01 20:50:05.000,2025-08-01 20:50:05.000
"202508012100","202508021600","01900",750.00,10.86,2025-08-01 20:50:05.000,2025-08-01 20:50:05.000
"202508012100","202508021700","02000",750.00,-1.98,2025-08-01 20:50:05.000,2025-08-01 20:50:05.000
"202508012100","202508021800","02100",900.00,-12.10,2025-08-01 20:50:05.000,2025-08-01 20:50:05.000
"202508012100","202508021900","02200",1000.00,-17.29,2025-08-01 20:50:05.000,2025-08-01 20:50:05.000
"202508012100","202508022000","02300",950.00,4.25,2025-08-01 20:50:05.000,2025-08-01 20:50:05.000
"202508012100","202508022100","02400",950.00,25.55,2025-08-01 20:50:05.000,2025-08-01 20:50:05.000
"202508012100","202508022200","02500",850.00,12.86,2025-08-01 20:50:05.000,2025-08-01 20:50:05.000
"202508012100","202508022300","02600",800.00,28.04,2025-08-01 20:50:05.000,2025-08-01 20:50:05.000
"202508012100","202508030000","02700",700.00,1.89,2025-08-01 20:50:05.000,2025-08-01 20:50:05.000
"202508012100","202508030100","02800",650.00,-9.28,2025-08-01 20:50:05.000,2025-08-01 20:50:05.000
"202508012100","202508030200","02900",700.00,27.75,2025-08-01 20:50:05.000,2025-08-01 20:50:05.000
"202508012100","202508030300","03000",600.00,-11.79,2025-08-01 20:50:05.000,2025-08-01 20:50:05.000
"202508012100","202508030400","03100",600.00,18.42,2025-08-01 20:50:05.000,2025-08-01 20:50:05.000
"202508012100","202508030500","03200",600.00,29.85,2025-08-01 20:50:05.000,2025-08-01 20:50:05.000
"202508012100","202508030600","03300",600.00,-3.52,2025-08-01 20:50:05.000,2025-08-01 20:50:05.000
"202508012100","202508030700","03400",650.00,-5.43,2025-08-01 20:50:05.000,2025-08-01 20:50:05.000
"202508012100","202508030800","03500",650.00,26.93,2025-08-01 20:50:05.000,2025-08-01 20:50:05.000
"202508012100","202508030900","03600",550.00,-1.33,2025-08-01 20:50:05.000,2025-08-01 20:50:05.000
"202508012100","202508031000","03700",600.00,24.50,2025-08-01 20:50:05.000,2025-08-01 20:50:05.000
"202508012100","202508031100","03800",550.00,24.77,2025-08-01 20:50:05.000,2025-08-01 20:50:05.000
"202508012100","202508031200","03900",600.00,29.71,2025-08-01 20:50:05.000,2025-08-01 20:50:05.000
"202508012100","202508031300","04000",500.00,39.22,2025-08-01 20:50:05.000,2025-08-01 20:50:05.000
"202508012100","202508031400","04100",500.00,40.18,2025-08-01 20:50:05.000,2025-08-01 20:50:05.000
"202508012100","202508031500","04200",400.00,2.95,2025-08-01 20:50:05.000,2025-08-01 20:50:05.000
"202508012100","202508031600","04300",550.00,-6.84,2025-08-01 20:50:05.000,2025-08-01 20:50:05.000
"202508012100","202508031700","04400",800.00,22.19,2025-08-01 20:50:05.000,2025-08-01 20:50:05.000
"202508012100","202508031800","04500",850.00,9.32,2025-08-01 20:50:05.000,2025-08-01 20:50:05.000
"202508012100","202508031900","04600",850.00,12.71,2025-08-01 20:50:05.000,2025-08-01 20:50:05.000
"202508012100","202508032000","04700",800.00,-11.13,2025-08-01 20:50:05.000,2025-08-01 20:50:05.000
"202508012100","202508032100","04800",750.00,-0.60,2025-08-01 20:50:05.000,2025-08-01 20:50:05.000
"202508012100","202508032200","04900",600.00,5.19,2025-08-01 20:50:05.000,2025-08-01 20:50:05.000
"202508012100","202508032300","05000",600.00,23.27,2025-08-01 20:50:05.000,2025-08-01 20:50:05.000
"202508012100","202508040000","05100",500.00,-4.61,2025-08-01 20:50:05.000,2025-08-01 20:50:05.000
"202508020300","202508030000","02100",700.00,28.37,2025-08-02 02:50:05.000,2025-08-02 02:50:05.000
"202508020300","202508030100","02200",750.00,32.98,2025-08-02 02:50:05.000,2025-08-02 02:50:05.000
"202508020300","202508030200","02300",650.00,19.70,2025-08-02 02:50:05.000,2025-08-02 02:50:05.000
"202508020300","202508030300","02400",650.00,32.30,2025-08-02 02:50:05.000,2025-08-02 02:50:05.000
"202508020300","202508030400","02500",700.00,30.79,2025-08-02 02:50:05.000,2025-08-02 02:50:05.000
"202508020300","202508030500","02600",600.00,-2.79,2025-08-02 02:50:05.000,2025-08-02 02:50:05.000
"202508020300","202508030600","02700",600.00,-11.13,2025-08-02 02:50:05.000,2025-08-02 02:50:05.000
"202508020300","202508030700","02800",700.00,18.90,2025-08-02 02:50:05.000,2025-08-02 02:50:05.000
"202508020300","202508030800","02900",650.00,-3.86,2025-08-02 02:50:05.000,2025-08-02 02:50:05.000
"202508020300","202508030900","03000",750.00,14.73,2025-08-02 02:50:05.000,2025-08-02 02:50:05.000
"202508020300","202508031000","03100",500.00,-1.06,2025-08-02 02:50:05.000,2025-08-02 02:50:05.000
"202508020300","202508031100","03200",650.00,30.34,2025-08-02 02:50:05.000,2025-08-02 02:50:05.000
"202508020300","202508031200","03300",550.00,22.36,2025-08-02 02:50:05.000,2025-08-02 02:50:05.000
"202508020300","202508031300","03400",500.00,5.58,2025-08-02 02:50:05.000,2025-08-02 02:50:05.000
"202508020300","202508031400","03500",500.00,-5.43,2025-08-02 02:50:05.000,2025-08-02 02:50:05.000
"202508020300","202508031500","03600",650.00,15.99,2025-08-02 02:50:05.000,2025-08-02 02:50:05.000
"202508020300","202508031600","03700",750.00,35.60,2025-08-02 02:50:05.000,2025-08-02 02:50:05.000
"202508020300","202508031700","03800",800.00,18.75,2025-08-02 02:50:05.000,2025-08-02 02:50:05.000
"202508020300","202508031800","03900",850.00,25.39,2025-08-02 02:50:05.000,2025-08-02 02:50:05.000
"202508020300","202508031900","04000",900.00,6.10,2025-08-02 02:50:05.000,2025-08-02 02:50:05.000
"202508020300","202508032000","04100",850.00,-14.19,2025-08-02 02:50:05.000,2025-08-02 02:50:05.000
"202508020300","202508032100","04200",800.00,4.10,2025-08-02 02:50:05.000,2025-08-02 02:50:05.000
"202508020300","202508032200","04300",750.00,0.10,2025-08-02 02:50:05.000,2025-08-02 02:50:05.000
"202508020300","202508032300","04400",700.00,19.67,2025-08-02 02:50:05.000,2025-08-02 02:50:05.000
"202508020300","202508040000","04500",700.00,31.06,2025-08-02 02:50:05.000,2025-08-02 02:50:05.000
"202508020300","202508040100","04600",500.00,-5.19,2025-08-02 02:50:05.000,2025-08-02 02:50:05.000
"202508020300","202508040200","04700",500.00,5.79,2025-08-02 02:50:05.000,2025-08-02 02:50:05.000
"202508020300","202508040300","04800",550.00,-11.14,2025-08-02 02:50:05.000,2025-08-02 02:50:05.000
"202508020300","202508040400","04900",650.00,36.47,2025-08-02 02:50:05.000,2025-08-02 02:50:05.000
"202508020300","202508040500","05000",700.00,34.84,2025-08-02 02:50:05.000,2025-08-02 02:50:05.000
"202508020300","202508040600","05100",700.00,19.12,2025-08-02 02:50:05.000,2025-08-02 02:50:05.000
"202508020300","202508040700","05200",700.00,25.95,2025-08-02 02:50:05.000,2025-08-02 02:50:05.000
"202508020300","202508040800","05300",650.00,0.71,2025-08-02 02:50:05.000,2025-08-02 02:50:05.000
"202508020300","202508040900","05400",650.00,9.55,2025-08-02 02:50:05.000,2025-08-02 02:50:05.000
"202508020300","202508041000","05500",600.00,20.84,2025-08-02 02:50:05.000,2025-08-02 02:50:05.000
"202508020300","202508041100","05600",550.00,8.07,2025-08-02 02:50:05.000,2025-08-02 02:50:05.000
"202508020300","202508041200","05700",550.00,17.89,2025-08-02 02:50:05.000,2025-08-02 02:50:05.000
"202508020300","202508041300","05800",600.00,-8.99,2025-08-02 02:50:05.000,2025-08-02 02:50:05.000
"202508020300","202508041400","05900",650.00,14.77,2025-08-02 02:50:05.000,2025-08-02 02:50:05.000
"202508020300","202508041500","06000",700.00,14.15,2025-08-02 02:50:05.000,2025-08-02 02:50:05.000
"202508020300","202508041600","06100",750.00,0.71,2025-08-02 02:50:05.000,2025-08-02 02:50:05.000
"202508020300","202508041700","06200",800.00,31.92,2025-08-02 02:50:05.000,2025-08-02 02:50:05.000
"202508020300","202508041800","06300",700.00,-9.28,2025-08-02 02:50:05.000,2025-08-02 02:50:05.000
"202508020300","202508041900","06400",700.00,26.47,2025-08-02 02:50:05.000,2025-08-02 02:50:05.000
"202508020300","202508042000","06500",700.00,8.06,2025-08-02 02:50:05.000,2025-08-02 02:50:05.000
"202508020300","202508042100","06600",700.00,30.90,2025-08-02 02:50:05.000,2025-08-02 02:50:05.000
"202508020300","202508042200","06700",600.00,-12.25,2025-08-02 02:50:05.000,2025-08-02 02:50:05.000
"202508020300","202508042300","06800",600.00,-10.51,2025-08-02 02:50:05.000,2025-08-02 02:50:05.000
"202508020300","202508050000","06900",600.00,2.93,2025-08-02 02:50:05.000,2025-08-02 02:50:05.000
"202508020900","202508030000","01500",700.00,-10.14,2025-08-02 08:50:05.000,2025-08-02 08:50:05.000
"202508020900","202508030100","01600",650.00,18.74,2025-08-02 08:50:05.000,2025-08-02 08:50:05.000
"202508020900","202508030200","01700",700.00,33.78,2025-08-02 08:50:05.000,2025-08-02 08:50:05.000
"202508020900","202508030300","01800",650.00,5.30,2025-08-02 08:50:05.000,2025-08-02 08:50:05.000
"202508020900","202508030400","01900",650.00,26.90,2025-08-02 08:50:05.000,2025-08-02 08:50:05.000
"202508020900","202508030500","02000",650.00,11.71,2025-08-02 08:50:05.000,2025-08-02 08:50:05.000
"202508020900","202508030600","02100",700.00,27.30,2025-08-02 08:50:05.000,2025-08-02 08:50:05.000
"202508020900","202508030700","02200",750.00,31.02,2025-08-02 08:50:05.000,2025-08-02 08:50:05.000
"202508020900","202508030800","02300",700.00,2.65,2025-08-02 08:50:05.000,2025-08-02 08:50:05.000
"202508020900","202508030900","02400",750.00,20.94,2025-08-02 08:50:05.000,2025-08-02 08:50:05.000
"202508020900","202508031000","02500",700.00,35.46,2025-08-02 08:50:05.000,2025-08-02 08:50:05.000
"202508020900","202508031100","02600",650.00,22.96,2025-08-02 08:50:05.000,2025-08-02 08:50:05.000
"202508020900","202508031200","02700",750.00,32.32,2025-08-02 08:50:05.000,2025-08-02 08:50:05.000
"202508020900","202508031300","02800",700.00,28.32,2025-08-02 08:50:05.000,2025-08-02 08:50:05.000
"202508020900","202508031400","02900",700.00,35.59,2025-08-02 08:50:05.000,2025-08-02 08:50:05.000
"202508020900","202508031500","03000",800.00,33.62,2025-08-02 08:50:05.000,2025-08-02 08:50:05.000
"202508020900","202508031600","03100",850.00,21.55,2025-08-02 08:50:05.000,2025-08-02 08:50:05.000
"202508020900","202508031700","03200",850.00,-8.22,2025-08-02 08:50:05.000,2025-08-02 08:50:05.000
"202508020900","202508031800","03300",950.00,22.31,2025-08-02 08:50:05.000,2025-08-02 08:50:05.000
"202508020900","202508031900","03400",950.00,7.73,2025-08-02 08:50:05.000,2025-08-02 08:50:05.000
"202508020900","202508032000","03500",950.00,8.40,2025-08-02 08:50:05.000,2025-08-02 08:50:05.000
"202508020900","202508032100","03600",850.00,-3.89,2025-08-02 08:50:05.000,2025-08-02 08:50:05.000
"202508020900","202508032200","03700",800.00,33.46,2025-08-02 08:50:05.000,2025-08-02 08:50:05.000
"202508020900","202508032300","03800",700.00,4.11,2025-08-02 08:50:05.000,2025-08-02 08:50:05.000
"202508020900","202508040000","03900",550.00,13.59,2025-08-02 08:50:05.000,2025-08-02 08:50:05.000
"202508020900","202508040100","04000",500.00,20.12,2025-08-02 08:50:05.000,2025-08-02 08:50:05.000
"202508020900","202508040200","04100",450.00,-7.74,2025-08-02 08:50:05.000,2025-08-02 08:50:05.000
"202508020900","202508040300","04200",500.00,9.90,2025-08-02 08:50:05.000,2025-08-02 08:50:05.000
"202508020900","202508040400","04300",500.00,12.61,2025-08-02 08:50:05.000,2025-08-02 08:50:05.000
"202508020900","202508040500","04400",550.00,25.35,2025-08-02 08:50:05.000,2025-08-02 08:50:05.000
"202508020900","202508040600","04500",550.00,13.07,2025-08-02 08:50:05.000,2025-08-02 08:50:05.000
"202508020900","202508040700","04600",700.00,29.50,2025-08-02 08:50:05.000,2025-08-02 08:50:05.000
"202508020900","202508040800","04700",750.00,28.68,2025-08-02 08:50:05.000,2025-08-02 08:50:05.000
"202508020900","202508040900","04800",700.00,12.28,2025-08-02 08:50:05.000,2025-08-02 08:50:05.000
"202508020900","202508041000","04900",650.00,14.87,2025-08-02 08:50:05.000,2025-08-02 08:50:05.000
"202508020900","202508041100","05000",650.00,-9.21,2025-08-02 08:50:05.000,2025-08-02 08:50:05.000
"202508020900","202508041200","05100",700.00,26.94,2025-08-02 08:50:05.000,2025-08-02 08:50:05.000
"202508020900","202508041300","05200",650.00,-5.22,2025-08-02 08:50:05.000,2025-08-02 08:50:05.000
"202508020900","202508041400","05300",600.00,-11.77,2025-08-02 08:50:05.000,2025-08-02 08:50:05.000
"202508020900","202508041500","05400",750.00,33.79,2025-08-02 08:50:05.000,2025-08-02 08:50:05.000
"202508020900","202508041600","05500",750.00,10.16,2025-08-02 08:50:05.000,2025-08-02 08:50:05.000
"202508020900","202508041700","05600",850.00,-2.33,2025-08-02 08:50:05.000,2025-08-02 08:50:05.000
"202508020900","202508041800","05700",900.00,12.23,2025-08-02 08:50:05.000,2025-08-02 08:50:05.000
"202508020900","202508041900","05800",900.00,-7.56,2025-08-02 08:50:05.000,2025-08-02 08:50:05.000
"202508020900","202508042000","05900",900.00,27.29,2025-08-02 08:50:05.000,2025-08-02 08:50:05.000
"202508020900","202508042100","06000",850.00,24.10,2025-08-02 08:50:05.000,2025-08-02 08:50:05.000
"202508020900","202508042200","06100",750.00,-6.01,2025-08-02 08:50:05.000,2025-08-02 08:50:05.000
"202508020900","202508042300","06200",750.00,13.14,2025-08-02 08:50:05.000,2025-08-02 08:50:05.000
"202508020900","202508050000","06300",700.00,25.23,2025-08-02 08:50:05.000,2025-08-02 08:50:05.000
"202508021500","202508030000","00900",800.00,2.69,2025-08-02 14:50:05.000,2025-08-02 14:50:05.000
"202508021500","202508030100","01000",750.00,27.23,2025-08-02 14:50:05.000,2025-08-02 14:50:05.000
"202508021500","202508030200","01100",700.00,28.91,2025-08-02 14:50:05.000,2025-08-02 14:50:05.000
"202508021500","202508030300","01200",600.00,16.77,2025-08-02 14:50:05.000,2025-08-02 14:50:05.000
"202508021500","202508030400","01300",650.00,-7.63,2025-08-02 14:50:05.000,2025-08-02 14:50:05.000
"202508021500","202508030500","01400",700.00,25.18,2025-08-02 14:50:05.000,2025-08-02 14:50:05.000
"202508021500","202508030600","01500",650.00,18.15,2025-08-02 14:50:05.000,2025-08-02 14:50:05.000
"202508021500","202508030700","01600",650.00,-3.33,2025-08-02 14:50:05.000,2025-08-02 14:50:05.000
"202508021500","202508030800","01700",750.00,32.41,2025-08-02 14:50:05.000,2025-08-02 14:50:05.000
"202508021500","202508030900","01800",650.00,28.79,2025-08-02 14:50:05.000,2025-08-02 14:50:05.000
"202508021500","202508031000","01900",600.00,27.00,2025-08-02 14:50:05.000,2025-08-02 14:50:05.000
"202508021500","202508031100","02000",600.00,-3.03,2025-08-02 14:50:05.000,2025-08-02 14:50:05.000
"202508021500","202508031200","02100",500.00,7.06,2025-08-02 14:50:05.000,2025-08-02 14:50:05.000
"202508021500","202508031300","02200",600.00,-3.76,2025-08-02 14:50:05.000,2025-08-02 14:50:05.000
"202508021500","202508031400","02300",550.00,-9.86,2025-08-02 14:50:05.000,2025-08-02 14:50:05.000
"202508021500","202508031500","02400",600.00,-2.21,2025-08-02 14:50:05.000,2025-08-02 14:50:05.000
"202508021500","202508031600","02500",750.00,23.27,2025-08-02 14:50:05.000,2025-08-02 14:50:05.000
"202508021500","202508031700","02600",800.00,21.55,2025-08-02 14:50:05.000,2025-08-02 14:50:05.000
"202508021500","202508031800","02700",850.00,-3.65,2025-08-02 14:50:05.000,2025-08-02 14:50:05.000
"202508021500","202508031900","02800",900.00,-15.52,2025-08-02 14:50:05.000,2025-08-02 14:50:05.000
"202508021500","202508032000","02900",850.00,-12.28,2025-08-02 14:50:05.000,2025-08-02 14:50:05.000
"202508021500","202508032100","03000",900.00,10.85,2025-08-02 14:50:05.000,2025-08-02 14:50:05.000
"202508021500","202508032200","03100",800.00,25.52,2025-08-02 14:50:05.000,2025-08-02 14:50:05.000
"202508021500","202508032300","03200",800.00,24.96,2025-08-02 14:50:05.000,2025-08-02 14:50:05.000
"202508021500","202508040000","03300",750.00,29.66,2025-08-02 14:50:05.000,2025-08-02 14:50:05.000
"202508021500","202508040100","03400",650.00,37.52,2025-08-02 14:50:05.000,2025-08-02 14:50:05.000
"202508021500","202508040200","03500",550.00,1.26,2025-08-02 14:50:05.000,2025-08-02 14:50:05.000
"202508021500","202508040300","03600",500.00,-9.84,2025-08-02 14:50:05.000,2025-08-02 14:50:05.000
"202508021500","202508040400","03700",550.00,37.53,2025-08-02 14:50:05.000,2025-08-02 14:50:05.000
"202508021500","202508040500","03800",550.00,-1.36,2025-08-02 14:50:05.000,2025-08-02 14:50:05.000
"202508021500","202508040600","03900",600.00,38.36,2025-08-02 14:50:05.000,2025-08-02 14:50:05.000
"202508021500","202508040700","04000",600.00,16.39,2025-08-02 14:50:05.000,2025-08-02 14:50:05.000
"202508021500","202508040800","04100",650.00,38.79,2025-08-02 14:50:05.000,2025-08-02 14:50:05.000
"202508021500","202508040900","04200",650.00,24.27,2025-08-02 14:50:05.000,2025-08-02 14:50:05.000
"202508021500","202508041000","04300",600.00,16.00,2025-08-02 14:50:05.000,2025-08-02 14:50:05.000
"202508021500","202508041100","04400",700.00,36.32,2025-08-02 14:50:05.000,2025-08-02 14:50:05.000
"202508021500","202508041200","04500",550.00,-10.21,2025-08-02 14:50:05.000,2025-08-02 14:50:05.000
"202508021500","202508041300","04600",600.00,-6.23,2025-08-02 14:50:05.000,2025-08-02 14:50:05.000
"202508021500","202508041400","04700",550.00,-1.16,2025-08-02 14:50:05.000,2025-08-02 14:50:05.000
"202508021500","202508041500","04800",650.00,3.43,2025-08-02 14:50:05.000,2025-08-02 14:50:05.000
"202508021500","202508041600","04900",750.00,5.74,2025-08-02 14:50:05.000,2025-08-02 14:50:05.000
"202508021500","202508041700","05000",900.00,14.53,2025-08-02 14:50:05.000,2025-08-02 14:50:05.000
"202508021500","202508041800","05100",850.00,-17.94,2025-08-02 14:50:05.000,2025-08-02 14:50:05.000
"202508021500","202508041900","05200",900.00,29.92,2025-08-02 14:50:05.000,2025-08-02 14:50:05.000
"202508021500","202508042000","05300",850.00,-4.05,2025-08-02 14:50:05.000,2025-08-02 14:50:05.000
"202508021500","202508042100","05400",850.00,29.46,2025-08-02 14:50:05.000,2025-08-02 14:50:05.000
"202508021500","202508042200","05500",800.00,32.86,2025-08-02 14:50:05.000,2025-08-02 14:50:05.000
"202508021500","202508042300","05600",750.00,19.62,2025-08-02 14:50:05.000,2025-08-02 14:50:05.000
"202508021500","202508050000","05700",650.00,-13.63,2025-08-02 14:50:05.000,2025-08-02 14:50:05.000
"202508022100","202508030000","00300",750.00,27.96,2025-08-02 20:50:05.000,2025-08-02 20:50:05.000
"202508022100","202508030100","00400",650.00,-14.59,2025-08-02 20:50:05.000,2025-08-02 20:50:05.000
"202508022100","202508030200","00500",700.00,32.80,2025-08-02 20:50:05.000,2025-08-02 20:50:05.000
"202508022100","202508030300","00600",650.00,32.72,2025-08-02 20:50:05.000,2025-08-02 20:50:05.000
"202508022100","202508030400","00700",700.00,29.26,2025-08-02 20:50:05.000,2025-08-02 20:50:05.000
"202508022100","202508030500","00800",650.00,26.98,2025-08-02 20:50:05.000,2025-08-02 20:50:05.000
"202508022100","202508030600","00900",600.00,8.53,2025-08-02 20:50:05.000,2025-08-02 20:50:05.000
"202508022100","202508030700","01000",650.00,-4.97,2025-08-02 20:50:05.000,2025-08-02 20:50:05.000
"202508022100","202508030800","01100",750.00,28.81,2025-08-02 20:50:05.000,2025-08-02 20:50:05.000
"202508022100","202508030900","01200",750.00,28.18,2025-08-02 20:50:05.000,2025-08-02 20:50:05.000
"202508022100","202508031000","01300",700.00,26.03,2025-08-02 20:50:05.000,2025-08-02 20:50:05.000
"202508022100","202508031100","01400",650.00,36.55,2025-08-02 20:50:05.000,2025-08-02 20:50:05.000
"202508022100","202508031200","01500",600.00,-2.69,2025-08-02 20:50:05.000,2025-08-02 20:50:05.000
"202508022100","202508031300","01600",600.00,12.53,2025-08-02 20:50:05.000,2025-08-02 20:50:05.000
"202508022100","202508031400","01700",600.00,31.55,2025-08-02 20:50:05.000,2025-08-02 20:50:05.000
"202508022100","202508031500","01800",650.00,-2.90,2025-08-02 20:50:05.000,2025-08-02 20:50:05.000
"202508022100","202508031600","01900",800.00,-14.40,2025-08-02 20:50:05.000,2025-08-02 20:50:05.000
"202508022100","202508031700","02000",800.00,4.04,2025-08-02 20:50:05.000,2025-08-02 20:50:05.000
"202508022100","202508031800","02100",900.00,7.12,2025-08-02 20:50:05.000,2025-08-02 20:50:05.000
"202508022100","202508031900","02200",1000.00,22.57,2025-08-02 20:50:05.000,2025-08-02 20:50:05.000
"202508022100","202508032000","02300",950.00,8.47,2025-08-02 20:50:05.000,2025-08-02 20:50:05.000
"202508022100","202508032100","02400",900.00,17.68,2025-08-02 20:50:05.000,2025-08-02 20:50:05.000
"202508022100","202508032200","02500",800.00,20.43,2025-08-02 20:50:05.000,2025-08-02 20:50:05.000
"202508022100","202508032300","02600",800.00,36.31,2025-08-02 20:50:05.000,2025-08-02 20:50:05.000
"202508022100","202508040000","02700",700.00,10.25,2025-08-02 20:50:05.000,2025-08-02 20:50:05.000
"202508022100","202508040100","02800",600.00,-3.44,2025-08-02 20:50:05.000,2025-08-02 20:50:05.000
"202508022100","202508040200","02900",650.00,16.56,2025-08-02 20:50:05.000,2025-08-02 20:50:05.000
"202508022100","202508040300","03000",600.00,38.79,2025-08-02 20:50:05.000,2025-08-02 20:50:05.000
"202508022100","202508040400","03100",600.00,28.45,2025-08-02 20:50:05.000,2025-08-02 20:50:05.000
"202508022100","202508040500","03200",550.00,1.80,2025-08-02 20:50:05.000,2025-08-02 20:50:05.000
"202508022100","202508040600","03300",650.00,14.57,2025-08-02 20:50:05.000,2025-08-02 20:50:05.000
"202508022100","202508040700","03400",650.00,-6.31,2025-08-02 20:50:05.000,2025-08-02 20:50:05.000
"202508022100","202508040800","03500",700.00,15.38,2025-08-02 20:50:05.000,2025-08-02 20:50:05.000
"202508022100","202508040900","03600",700.00,20.51,2025-08-02 20:50:05.000,2025-08-02 20:50:05.000
"202508022100","202508041000","03700",650.00,19.62,2025-08-02 20:50:05.000,2025-08-02 20:50:05.000
"202508022100","202508041100","03800",650.00,-11.01,2025-08-02 20:50:05.000,2025-08-02 20:50:05.000
"202508022100","202508041200","03900",700.00,8.71,2025-08-02 20:50:05.000,2025-08-02 20:50:05.000
"202508022100","202508041300","04000",650.00,12.38,2025-08-02 20:50:05.000,2025-08-02 20:50:05.000
"202508022100","202508041400","04100",650.00,20.60,2025-08-02 20:50:05.000,2025-08-02 20:50:05.000
"202508022100","202508041500","04200",650.00,16.88,2025-08-02 20:50:05.000,2025-08-02 20:50:05.000
"202508022100","202508041600","04300",750.00,-17.02,2025-08-02 20:50:05.000,2025-08-02 20:50:05.000
"202508022100","202508041700","04400",950.00,30.03,2025-08-02 20:50:05.000,2025-08-02 20:50:05.000
"202508022100","202508041800","04500",950.00,4.28,2025-08-02 20:50:05.000,2025-08-02 20:50:05.000
"202508022100","202508041900","04600",1000.00,-1.94,2025-08-02 20:50:05.000,2025-08-02 20:50:05.000
"202508022100","202508042000","04700",950.00,-16.18,2025-08-02 20:50:05.000,2025-08-02 20:50:05.000
"202508022100","202508042100","04800",900.00,-6.95,2025-08-02 20:50:05.000,2025-08-02 20:50:05.000
"202508022100","202508042200","04900",750.00,-2.43,2025-08-02 20:50:05.000,2025-08-02 20:50:05.000
"202508022100","202508042300","05000",700.00,1.59,2025-08-02 20:50:05.000,2025-08-02 20:50:05.000
"202508022100","202508050000","05100",600.00,-6.71,2025-08-02 20:50:05.000,2025-08-02 20:50:05.000
"202508030300","202508040000","02100",700.00,6.31,2025-08-03 02:50:06.000,2025-08-03 02:50:06.000
"202508030300","202508040100","02200",700.00,3.40,2025-08-03 02:50:06.000,2025-08-03 02:50:06.000
"202508030300","202508040200","02300",600.00,-12.58,2025-08-03 02:50:06.000,2025-08-03 02:50:06.000
"202508030300","202508040300","02400",650.00,21.01,2025-08-03 02:50:06.000,2025-08-03 02:50:06.000
"202508030300","202508040400","02500",600.00,-10.60,2025-08-03 02:50:06.000,2025-08-03 02:50:06.000
"202508030300","202508040500","02600",600.00,14.90,2025-08-03 02:50:06.000,2025-08-03 02:50:06.000
"202508030300","202508040600","02700",600.00,22.99,2025-08-03 02:50:06.000,2025-08-03 02:50:06.000
"202508030300","202508040700","02800",600.00,-6.96,2025-08-03 02:50:06.000,2025-08-03 02:50:06.000
"202508030300","202508040800","02900",650.00,-5.47,2025-08-03 02:50:06.000,2025-08-03 02:50:06.000
"202508030300","202508040900","03000",750.00,9.90,2025-08-03 02:50:06.000,2025-08-03 02:50:06.000
"202508030300","202508041000","03100",700.00,31.81,2025-08-03 02:50:06.000,2025-08-03 02:50:06.000
"202508030300","202508041100","03200",750.00,-13.34,2025-08-03 02:50:06.000,2025-08-03 02:50:06.000
"202508030300","202508041200","03300",700.00,1.52,2025-08-03 02:50:06.000,2025-08-03 02:50:06.000
"202508030300","202508041300","03400",750.00,32.60,2025-08-03 02:50:06.000,2025-08-03 02:50:06.000
"202508030300","202508041400","03500",650.00,5.94,2025-08-03 02:50:06.000,2025-08-03 02:50:06.000
"202508030300","202508041500","03600",750.00,7.27,2025-08-03 02:50:06.000,2025-08-03 02:50:06.000
"202508030300","202508041600","03700",850.00,24.50,2025-08-03 02:50:06.000,2025-08-03 02:50:06.000
"202508030300","202508041700","03800",800.00,-13.90,2025-08-03 02:50:06.000,2025-08-03 02:50:06.000
"202508030300","202508041800","03900",750.00,32.52,2025-08-03 02:50:06.000,2025-08-03 02:50:06.000
"202508030300","202508041900","04000",750.00,35.83,2025-08-03 02:50:06.000,2025-08-03 02:50:06.000
"202508030300","202508042000","04100",950.00,6.37,2025-08-03 02:50:06.000,2025-08-03 02:50:06.000
"202508030300","202508042100","04200",900.00,26.38,2025-08-03 02:50:06.000,2025-08-03 02:50:06.000
"202508030300","202508042200","04300",800.00,-13.36,2025-08-03 02:50:06.000,2025-08-03 02:50:06.000
"202508030300","202508042300","04400",750.00,-9.56,2025-08-03 02:50:06.000,2025-08-03 02:50:06.000
"202508030300","202508050000","04500",750.00,-3.80,2025-08-03 02:50:06.000,2025-08-03 02:50:06.000
"202508030300","202508050100","04600",650.00,-10.29,2025-08-03 02:50:06.000,2025-08-03 02:50:06.000
"202508030300","202508050200","04700",600.00,-12.22,2025-08-03 02:50:06.000,2025-08-03 02:50:06.000
"202508030300","202508050300","04800",650.00,-4.51,2025-08-03 02:50:06.000,2025-08-03 02:50:06.000
"202508030300","202508050400","04900",750.00,2.92,2025-08-03 02:50:06.000,2025-08-03 02:50:06.000
"202508030300","202508050500","05000",800.00,12.87,2025-08-03 02:50:06.000,2025-08-03 02:50:06.000
"202508030300","202508050600","05100",800.00,0.51,2025-08-03 02:50:06.000,2025-08-03 02:50:06.000
"202508030300","202508050700","05200",800.00,-1.46,2025-08-03 02:50:06.000,2025-08-03 02:50:06.000
"202508030300","202508050800","05300",800.00,14.69,2025-08-03 02:50:06.000,2025-08-03 02:50:06.000
"202508030300","202508050900","05400",750.00,25.91,2025-08-03 02:50:06.000,2025-08-03 02:50:06.000
"202508030300","202508051000","05500",700.00,27.04,2025-08-03 02:50:06.000,2025-08-03 02:50:06.000
"202508030300","202508051100","05600",700.00,25.35,2025-08-03 02:50:06.000,2025-08-03 02:50:06.000
"202508030300","202508051200","05700",600.00,-10.41,2025-08-03 02:50:06.000,2025-08-03 02:50:06.000
"202508030300","202508051300","05800",500.00,-41.72,2025-08-03 02:50:06.000,2025-08-03 02:50:06.000
"202508030300","202508051400","05900",600.00,5.73,2025-08-03 02:50:06.000,2025-08-03 02:50:06.000
"202508030300","202508051500","06000",700.00,24.18,2025-08-03 02:50:06.000,2025-08-03 02:50:06.000
"202508030300","202508051600","06100",800.00,3.28,2025-08-03 02:50:06.000,2025-08-03 02:50:06.000
"202508030300","202508051700","06200",850.00,24.30,2025-08-03 02:50:06.000,2025-08-03 02:50:06.000
"202508030300","202508051800","06300",800.00,17.00,2025-08-03 02:50:06.000,2025-08-03 02:50:06.000
"202508030300","202508051900","06400",800.00,28.33,2025-08-03 02:50:06.000,2025-08-03 02:50:06.000
"202508030300","202508052000","06500",750.00,9.07,2025-08-03 02:50:06.000,2025-08-03 02:50:06.000
"202508030300","202508052100","06600",650.00,21.79,2025-08-03 02:50:06.000,2025-08-03 02:50:06.000
"202508030300","202508052200","06700",650.00,6.49,2025-08-03 02:50:06.000,2025-08-03 02:50:06.000
"202508030300","202508052300","06800",650.00,31.30,2025-08-03 02:50:06.000,2025-08-03 02:50:06.000
"202508030300","202508060000","06900",600.00,14.65,2025-08-03 02:50:06.000,2025-08-03 02:50:06.000
"202508030900","202508040000","01500",700.00,14.64,2025-08-03 08:50:05.000,2025-08-03 08:50:05.000
"202508030900","202508040100","01600",650.00,19.48,2025-08-03 08:50:05.000,2025-08-03 08:50:05.000
"202508030900","202508040200","01700",650.00,20.06,2025-08-03 08:50:05.000,2025-08-03 08:50:05.000
"202508030900","202508040300","01800",600.00,26.60,2025-08-03 08:50:05.000,2025-08-03 08:50:05.000
"202508030900","202508040400","01900",550.00,20.20,2025-08-03 08:50:05.000,2025-08-03 08:50:05.000
"202508030900","202508040500","02000",600.00,0.54,2025-08-03 08:50:05.000,2025-08-03 08:50:05.000
"202508030900","202508040600","02100",500.00,37.88,2025-08-03 08:50:05.000,2025-08-03 08:50:05.000
"202508030900","202508040700","02200",700.00,17.19,2025-08-03 08:50:05.000,2025-08-03 08:50:05.000
"202508030900","202508040800","02300",800.00,33.13,2025-08-03 08:50:05.000,2025-08-03 08:50:05.000
"202508030900","202508040900","02400",800.00,11.78,2025-08-03 08:50:05.000,2025-08-03 08:50:05.000
"202508030900","202508041000","02500",800.00,17.52,2025-08-03 08:50:05.000,2025-08-03 08:50:05.000
"202508030900","202508041100","02600",650.00,27.41,2025-08-03 08:50:05.000,2025-08-03 08:50:05.000
"202508030900","202508041200","02700",550.00,8.62,2025-08-03 08:50:05.000,2025-08-03 08:50:05.000
"202508030900","202508041300","02800",700.00,23.52,2025-08-03 08:50:05.000,2025-08-03 08:50:05.000
"202508030900","202508041400","02900",700.00,18.95,2025-08-03 08:50:05.000,2025-08-03 08:50:05.000
"202508030900","202508041500","03000",750.00,8.07,2025-08-03 08:50:05.000,2025-08-03 08:50:05.000
"202508030900","202508041600","03100",800.00,-14.09,2025-08-03 08:50:05.000,2025-08-03 08:50:05.000
"202508030900","202508041700","03200",850.00,-14.20,2025-08-03 08:50:05.000,2025-08-03 08:50:05.000
"202508030900","202508041800","03300",900.00,15.96,2025-08-03 08:50:05.000,2025-08-03 08:50:05.000
"202508030900","202508041900","03400",900.00,-16.54,2025-08-03 08:50:05.000,2025-08-03 08:50:05.000
"202508030900","202508042000","03500",900.00,-7.49,2025-08-03 08:50:05.000,2025-08-03 08:50:05.000
"202508030900","202508042100","03600",800.00,-7.05,2025-08-03 08:50:05.000,2025-08-03 08:50:05.000
"202508030900","202508042200","03700",750.00,30.74,2025-08-03 08:50:05.000,2025-08-03 08:50:05.000
"202508030900","202508042300","03800",800.00,33.29,2025-08-03 08:50:05.000,2025-08-03 08:50:05.000
"202508030900","202508050000","03900",650.00,-0.29,2025-08-03 08:50:05.000,2025-08-03 08:50:05.000
"202508030900","202508050100","04000",650.00,-12.39,2025-08-03 08:50:05.000,2025-08-03 08:50:05.000
"202508030900","202508050200","04100",650.00,-8.49,2025-08-03 08:50:05.000,2025-08-03 08:50:05.000
"202508030900","202508050300","04200",650.00,10.86,2025-08-03 08:50:05.000,2025-08-03 08:50:05.000
"202508030900","202508050400","04300",650.00,20.40,2025-08-03 08:50:05.000,2025-08-03 08:50:05.000
"202508030900","202508050500","04400",650.00,35.96,2025-08-03 08:50:05.000,2025-08-03 08:50:05.000
"202508030900","202508050600","04500",650.00,4.87,2025-08-03 08:50:05.000,2025-08-03 08:50:05.000
"202508030900","202508050700","04600",700.00,6.58,2025-08-03 08:50:05.000,2025-08-03 08:50:05.000
"202508030900","202508050800","04700",800.00,35.63,2025-08-03 08:50:05.000,2025-08-03 08:50:05.000
"202508030900","202508050900","04800",700.00,-6.27,2025-08-03 08:50:05.000,2025-08-03 08:50:05.000
"202508030900","202508051000","04900",800.00,11.06,2025-08-03 08:50:05.000,2025-08-03 08:50:05.000
"202508030900","202508051100","05000",750.00,3.30,2025-08-03 08:50:05.000,2025-08-03 08:50:05.000
"202508030900","202508051200","05100",650.00,-0.72,2025-08-03 08:50:05.000,2025-08-03 08:50:05.000
"202508030900","202508051300","05200",700.00,35.33,2025-08-03 08:50:05.000,2025-08-03 08:50:05.000
"202508030900","202508051400","05300",650.00,0.78,2025-08-03 08:50:05.000,2025-08-03 08:50:05.000
"202508030900","202508051500","05400",700.00,3.49,2025-08-03 08:50:05.000,2025-08-03 08:50:05.000
"202508030900","202508051600","05500",750.00,-15.00,2025-08-03 08:50:05.000,2025-08-03 08:50:05.000
"202508030900","202508051700","05600",800.00,-3.14,2025-08-03 08:50:05.000,2025-08-03 08:50:05.000
"202508030900","202508051800","05700",850.00,27.80,2025-08-03 08:50:05.000,2025-08-03 08:50:05.000
"202508030900","202508051900","05800",850.00,-10.80,2025-08-03 08:50:05.000,2025-08-03 08:50:05.000
"202508030900","202508052000","05900",850.00,24.22,2025-08-03 08:50:05.000,2025-08-03 08:50:05.000
"202508030900","202508052100","06000",850.00,-10.97,2025-08-03 08:50:05.000,2025-08-03 08:50:05.000
"202508030900","202508052200","06100",750.00,20.03,2025-08-03 08:50:05.000,2025-08-03 08:50:05.000
"202508030900","202508052300","06200",700.00,-13.16,2025-08-03 08:50:05.000,2025-08-03 08:50:05.000
"202508030900","202508060000","06300",650.00,28.36,2025-08-03 08:50:05.000,2025-08-03 08:50:05.000
"202508031500","202508040000","00900",800.00,30.62,2025-08-03 14:50:05.000,2025-08-03 14:50:05.000
"202508031500","202508040100","01000",700.00,19.20,2025-08-03 14:50:05.000,2025-08-03 14:50:05.000
"202508031500","202508040200","01100",650.00,28.15,2025-08-03 14:50:05.000,2025-08-03 14:50:05.000
"202508031500","202508040300","01200",550.00,-3.19,2025-08-03 14:50:05.000,2025-08-03 14:50:05.000
"202508031500","202508040400","01300",550.00,7.62,2025-08-03 14:50:05.000,2025-08-03 14:50:05.000
"202508031500","202508040500","01400",500.00,25.47,2025-08-03 14:50:05.000,2025-08-03 14:50:05.000
"202508031500","202508040600","01500",550.00,17.89,2025-08-03 14:50:05.000,2025-08-03 14:50:05.000
"202508031500","202508040700","01600",650.00,30.93,2025-08-03 14:50:05.000,2025-08-03 14:50:05.000
"202508031500","202508040800","01700",750.00,18.36,2025-08-03 14:50:05.000,2025-08-03 14:50:05.000
"202508031500","202508040900","01800",750.00,29.71,2025-08-03 14:50:05.000,2025-08-03 14:50:05.000
"202508031500","202508041000","01900",700.00,9.04,2025-08-03 14:50:05.000,2025-08-03 14:50:05.000
"202508031500","202508041100","02000",600.00,8.24,2025-08-03 14:50:05.000,2025-08-03 14:50:05.000
"202508031500","202508041200","02100",650.00,23.04,2025-08-03 14:50:05.000,2025-08-03 14:50:05.000
"202508031500","202508041300","02200",700.00,21.18,2025-08-03 14:50:05.000,2025-08-03 14:50:05.000
"202508031500","202508041400","02300",650.00,-1.93,2025-08-03 14:50:05.000,2025-08-03 14:50:05.000
"202508031500","202508041500","02400",700.00,11.66,2025-08-03 14:50:05.000,2025-08-03 14:50:05.000
"202508031500","202508041600","02500",800.00,11.93,2025-08-03 14:50:05.000,2025-08-03 14:50:05.000
"202508031500","202508041700","02600",950.00,34.05,2025-08-03 14:50:05.000,2025-08-03 14:50:05.000
"202508031500","202508041800","02700",900.00,-17.52,2025-08-03 14:50:05.000,2025-08-03 14:50:05.000
"202508031500","202508041900","02800",900.00,-3.54,2025-08-03 14:50:05.000,2025-08-03 14:50:05.000
"202508031500","202508042000","02900",900.00,16.76,2025-08-03 14:50:05.000,2025-08-03 14:50:05.000
"202508031500","202508042100","03000",900.00,-13.35,2025-08-03 14:50:05.000,2025-08-03 14:50:05.000
"202508031500","202508042200","03100",800.00,12.27,2025-08-03 14:50:05.000,2025-08-03 14:50:05.000
"202508031500","202508042300","03200",800.00,35.82,2025-08-03 14:50:05.000,2025-08-03 14:50:05.000
"202508031500","202508050000","03300",650.00,-5.78,2025-08-03 14:50:05.000,2025-08-03 14:50:05.000
"202508031500","202508050100","03400",600.00,-1.39,2025-08-03 14:50:05.000,2025-08-03 14:50:05.000
"202508031500","202508050200","03500",600.00,18.40,2025-08-03 14:50:05.000,2025-08-03 14:50:05.000
"202508031500","202508050300","03600",600.00,36.31,2025-08-03 14:50:05.000,2025-08-03 14:50:05.000
"202508031500","202508050400","03700",550.00,-4.43,2025-08-03 14:50:05.000,2025-08-03 14:50:05.000
"202508031500","202508050500","03800",650.00,28.32,2025-08-03 14:50:05.000,2025-08-03 14:50:05.000
"202508031500","202508050600","03900",650.00,18.14,2025-08-03 14:50:05.000,2025-08-03 14:50:05.000
"202508031500","202508050700","04000",700.00,1.25,2025-08-03 14:50:05.000,2025-08-03 14:50:05.000
"202508031500","202508050800","04100",800.00,15.68,2025-08-03 14:50:05.000,2025-08-03 14:50:05.000
"202508031500","202508050900","04200",750.00,22.49,2025-08-03 14:50:05.000,2025-08-03 14:50:05.000
"202508031500","202508051000","04300",650.00,12.90,2025-08-03 14:50:05.000,2025-08-03 14:50:05.000
"202508031500","202508051100","04400",800.00,27.09,2025-08-03 14:50:05.000,2025-08-03 14:50:05.000
"202508031500","202508051200","04500",650.00,17.91,2025-08-03 14:50:05.000,2025-08-03 14:50:05.000
"202508031500","202508051300","04600",650.00,8.94,2025-08-03 14:50:05.000,2025-08-03 14:50:05.000
"202508031500","202508051400","04700",600.00,-9.98,2025-08-03 14:50:05.000,2025-08-03 14:50:05.000
"202508031500","202508051500","04800",750.00,19.43,2025-08-03 14:50:05.000,2025-08-03 14:50:05.000
"202508031500","202508051600","04900",750.00,1.61,2025-08-03 14:50:05.000,2025-08-03 14:50:05.000
"202508031500","202508051700","05000",850.00,4.94,2025-08-03 14:50:05.000,2025-08-03 14:50:05.000
"202508031500","202508051800","05100",950.00,17.81,2025-08-03 14:50:05.000,2025-08-03 14:50:05.000
"202508031500","202508051900","05200",900.00,-9.53,2025-08-03 14:50:05.000,2025-08-03 14:50:05.000
"202508031500","202508052000","05300",900.00,4.63,2025-08-03 14:50:05.000,2025-08-03 14:50:05.000
"202508031500","202508052100","05400",850.00,8.81,2025-08-03 14:50:05.000,2025-08-03 14:50:05.000
"202508031500","202508052200","05500",750.00,0.48,2025-08-03 14:50:05.000,2025-08-03 14:50:05.000
"202508031500","202508052300","05600",750.00,6.57,2025-08-03 14:50:05.000,2025-08-03 14:50:05.000
"202508031500","202508060000","05700",650.00,14.99,2025-08-03 14:50:05.000,2025-08-03 14:50:05.000
"202508032100","202508040000","00300",700.00,33.63,2025-08-03 20:50:06.000,2025-08-03 20:50:06.000
"202508032100","202508040100","00400",650.00,32.59,2025-08-03 20:50:06.000,2025-08-03 20:50:06.000
"202508032100","202508040200","00500",650.00,22.04,2025-08-03 20:50:06.000,2025-08-03 20:50:06.000
"202508032100","202508040300","00600",600.00,10.34,2025-08-03 20:50:06.000,2025-08-03 20:50:06.000
"202508032100","202508040400","00700",600.00,24.57,2025-08-03 20:50:06.000,2025-08-03 20:50:06.000
"202508032100","202508040500","00800",700.00,23.12,2025-08-03 20:50:06.000,2025-08-03 20:50:06.000
"202508032100","202508040600","00900",700.00,23.20,2025-08-03 20:50:06.000,2025-08-03 20:50:06.000
"202508032100","202508040700","01000",800.00,26.69,2025-08-03 20:50:06.000,2025-08-03 20:50:06.000
"202508032100","202508040800","01100",850.00,0.64,2025-08-03 20:50:06.000,2025-08-03 20:50:06.000
"202508032100","202508040900","01200",850.00,29.06,2025-08-03 20:50:06.000,2025-08-03 20:50:06.000
"202508032100","202508041000","01300",750.00,32.39,2025-08-03 20:50:06.000,2025-08-03 20:50:06.000
"202508032100","202508041100","01400",600.00,-3.91,2025-08-03 20:50:06.000,2025-08-03 20:50:06.000
"202508032100","202508041200","01500",600.00,10.23,2025-08-03 20:50:06.000,2025-08-03 20:50:06.000
"202508032100","202508041300","01600",700.00,12.44,2025-08-03 20:50:06.000,2025-08-03 20:50:06.000
"202508032100","202508041400","01700",650.00,25.95,2025-08-03 20:50:06.000,2025-08-03 20:50:06.000
"202508032100","202508041500","01800",750.00,37.65,2025-08-03 20:50:06.000,2025-08-03 20:50:06.000
"202508032100","202508041600","01900",800.00,8.55,2025-08-03 20:50:06.000,2025-08-03 20:50:06.000
"202508032100","202508041700","02000",900.00,-11.10,2025-08-03 20:50:06.000,2025-08-03 20:50:06.000
"202508032100","202508041800","02100",1000.00,-3.26,2025-08-03 20:50:06.000,2025-08-03 20:50:06.000
"202508032100","202508041900","02200",1000.00,-61.51,2025-08-03 20:50:06.000,2025-08-03 20:50:06.000
"202508032100","202508042000","02300",950.00,10.25,2025-08-03 20:50:06.000,2025-08-03 20:50:06.000
"202508032100","202508042100","02400",900.00,-18.81,2025-08-03 20:50:06.000,2025-08-03 20:50:06.000
"202508032100","202508042200","02500",850.00,31.56,2025-08-03 20:50:06.000,2025-08-03 20:50:06.000
"202508032100","202508042300","02600",750.00,-11.05,2025-08-03 20:50:06.000,2025-08-03 20:50:06.000
"202508032100","202508050000","02700",650.00,9.70,2025-08-03 20:50:06.000,2025-08-03 20:50:06.000
"202508032100","202508050100","02800",600.00,-0.14,2025-08-03 20:50:06.000,2025-08-03 20:50:06.000
"202508032100","202508050200","02900",650.00,-7.36,2025-08-03 20:50:06.000,2025-08-03 20:50:06.000
"202508032100","202508050300","03000",550.00,-11.08,2025-08-03 20:50:06.000,2025-08-03 20:50:06.000
"202508032100","202508050400","03100",600.00,23.66,2025-08-03 20:50:06.000,2025-08-03 20:50:06.000
"202508032100","202508050500","03200",650.00,24.59,2025-08-03 20:50:06.000,2025-08-03 20:50:06.000
"202508032100","202508050600","03300",650.00,27.06,2025-08-03 20:50:06.000,2025-08-03 20:50:06.000
"202508032100","202508050700","03400",650.00,-2.78,2025-08-03 20:50:06.000,2025-08-03 20:50:06.000
"202508032100","202508050800","03500",750.00,-7.84,2025-08-03 20:50:06.000,2025-08-03 20:50:06.000
"202508032100","202508050900","03600",700.00,21.36,2025-08-03 20:50:06.000,2025-08-03 20:50:06.000
"202508032100","202508051000","03700",700.00,26.21,2025-08-03 20:50:06.000,2025-08-03 20:50:06.000
"202508032100","202508051100","03800",700.00,-2.83,2025-08-03 20:50:06.000,2025-08-03 20:50:06.000
"202508032100","202508051200","03900",700.00,40.38,2025-08-03 20:50:06.000,2025-08-03 20:50:06.000
"202508032100","202508051300","04000",600.00,12.16,2025-08-03 20:50:06.000,2025-08-03 20:50:06.000
"202508032100","202508051400","04100",600.00,-3.97,2025-08-03 20:50:06.000,2025-08-03 20:50:06.000
"202508032100","202508051500","04200",850.00,19.67,2025-08-03 20:50:06.000,2025-08-03 20:50:06.000
"202508032100","202508051600","04300",800.00,-2.47,2025-08-03 20:50:06.000,2025-08-03 20:50:06.000
"202508032100","202508051700","04400",1000.00,35.24,2025-08-03 20:50:06.000,2025-08-03 20:50:06.000
"202508032100","202508051800","04500",1000.00,0.38,2025-08-03 20:50:06.000,2025-08-03 20:50:06.000
"202508032100","202508051900","04600",1000.00,-72.58,2025-08-03 20:50:06.000,2025-08-03 20:50:06.000
"202508032100","202508052000","04700",1000.00,6.62,2025-08-03 20:50:06.000,2025-08-03 20:50:06.000
"202508032100","202508052100","04800",950.00,14.62,2025-08-03 20:50:06.000,2025-08-03 20:50:06.000
"202508032100","202508052200","04900",750.00,3.46,2025-08-03 20:50:06.000,2025-08-03 20:50:06.000
"202508032100","202508052300","05000",700.00,-8.32,2025-08-03 20:50:06.000,2025-08-03 20:50:06.000
"202508032100","202508060000","05100",600.00,-11.14,2025-08-03 20:50:06.000,2025-08-03 20:50:06.000
"202508040300","202508050000","02100",650.00,4.23,2025-08-04 02:50:06.000,2025-08-04 02:50:06.000
"202508040300","202508050100","02200",700.00,-0.84,2025-08-04 02:50:06.000,2025-08-04 02:50:06.000
"202508040300","202508050200","02300",600.00,9.35,2025-08-04 02:50:06.000,2025-08-04 02:50:06.000
"202508040300","202508050300","02400",650.00,10.97,2025-08-04 02:50:06.000,2025-08-04 02:50:06.000
"202508040300","202508050400","02500",600.00,10.38,2025-08-04 02:50:06.000,2025-08-04 02:50:06.000
"202508040300","202508050500","02600",650.00,28.48,2025-08-04 02:50:06.000,2025-08-04 02:50:06.000
"202508040300","202508050600","02700",650.00,14.18,2025-08-04 02:50:06.000,2025-08-04 02:50:06.000
"202508040300","202508050700","02800",750.00,34.02,2025-08-04 02:50:06.000,2025-08-04 02:50:06.000
"202508040300","202508050800","02900",750.00,-10.86,2025-08-04 02:50:06.000,2025-08-04 02:50:06.000
"202508040300","202508050900","03000",850.00,-9.57,2025-08-04 02:50:06.000,2025-08-04 02:50:06.000
"202508040300","202508051000","03100",750.00,27.79,2025-08-04 02:50:06.000,2025-08-04 02:50:06.000
"202508040300","202508051100","03200",800.00,22.23,2025-08-04 02:50:06.000,2025-08-04 02:50:06.000
"202508040300","202508051200","03300",650.00,-7.57,2025-08-04 02:50:06.000,2025-08-04 02:50:06.000
"202508040300","202508051300","03400",650.00,37.24,2025-08-04 02:50:06.000,2025-08-04 02:50:06.000
"202508040300","202508051400","03500",600.00,11.56,2025-08-04 02:50:06.000,2025-08-04 02:50:06.000
"202508040300","202508051500","03600",750.00,2.02,2025-08-04 02:50:06.000,2025-08-04 02:50:06.000
"202508040300","202508051600","03700",800.00,-0.25,2025-08-04 02:50:06.000,2025-08-04 02:50:06.000
"202508040300","202508051700","03800",800.00,15.26,2025-08-04 02:50:06.000,2025-08-04 02:50:06.000
"202508040300","202508051800","03900",800.00,-12.65,2025-08-04 02:50:06.000,2025-08-04 02:50:06.000
"202508040300","202508051900","04000",900.00,-20.28,2025-08-04 02:50:06.000,2025-08-04 02:50:06.000
"202508040300","202508052000","04100",950.00,-5.34,2025-08-04 02:50:06.000,2025-08-04 02:50:06.000
"202508040300","202508052100","04200",850.00,-12.44,2025-08-04 02:50:06.000,2025-08-04 02:50:06.000
"202508040300","202508052200","04300",850.00,18.27,2025-08-04 02:50:06.000,2025-08-04 02:50:06.000
"202508040300","202508052300","04400",800.00,29.95,2025-08-04 02:50:06.000,2025-08-04 02:50:06.000
"202508040300","202508060000","04500",750.00,10.13,2025-08-04 02:50:06.000,2025-08-04 02:50:06.000
"202508040300","202508060100","04600",700.00,36.03,2025-08-04 02:50:06.000,2025-08-04 02:50:06.000
"202508040300","202508060200","04700",600.00,22.93,2025-08-04 02:50:06.000,2025-08-04 02:50:06.000
"202508040300","202508060300","04800",600.00,6.50,2025-08-04 02:50:06.000,2025-08-04 02:50:06.000
"202508040300","202508060400","04900",700.00,-4.89,2025-08-04 02:50:06.000,2025-08-04 02:50:06.000
"202508040300","202508060500","05000",750.00,-5.71,2025-08-04 02:50:06.000,2025-08-04 02:50:06.000
"202508040300","202508060600","05100",800.00,-14.67,2025-08-04 02:50:06.000,2025-08-04 02:50:06.000
"202508040300","202508060700","05200",750.00,-9.16,2025-08-04 02:50:06.000,2025-08-04 02:50:06.000
"202508040300","202508060800","05300",750.00,26.27,2025-08-04 02:50:06.000,2025-08-04 02:50:06.000
"202508040300","202508060900","05400",650.00,15.47,2025-08-04 02:50:06.000,2025-08-04 02:50:06.000
"202508040300","202508061000","05500",600.00,8.97,2025-08-04 02:50:06.000,2025-08-04 02:50:06.000
"202508040300","202508061100","05600",550.00,16.90,2025-08-04 02:50:06.000,2025-08-04 02:50:06.000
"202508040300","202508061200","05700",500.00,-5.02,2025-08-04 02:50:06.000,2025-08-04 02:50:06.000
"202508040300","202508061300","05800",500.00,-25.15,2025-08-04 02:50:06.000,2025-08-04 02:50:06.000
"202508040300","202508061400","05900",600.00,15.34,2025-08-04 02:50:06.000,2025-08-04 02:50:06.000
"202508040300","202508061500","06000",600.00,5.95,2025-08-04 02:50:06.000,2025-08-04 02:50:06.000
"202508040300","202508061600","06100",750.00,2.08,2025-08-04 02:50:06.000,2025-08-04 02:50:06.000
"202508040300","202508061700","06200",800.00,13.79,2025-08-04 02:50:06.000,2025-08-04 02:50:06.000
"202508040300","202508061800","06300",750.00,-9.43,2025-08-04 02:50:06.000,2025-08-04 02:50:06.000
"202508040300","202508061900","06400",750.00,10.54,2025-08-04 02:50:06.000,2025-08-04 02:50:06.000
"202508040300","202508062000","06500",650.00,-12.31,2025-08-04 02:50:06.000,2025-08-04 02:50:06.000
"202508040300","202508062100","06600",600.00,25.08,2025-08-04 02:50:06.000,2025-08-04 02:50:06.000
"202508040300","202508062200","06700",500.00,2.78,2025-08-04 02:50:06.000,2025-08-04 02:50:06.000
"202508040300","202508062300","06800",550.00,20.13,2025-08-04 02:50:06.000,2025-08-04 02:50:06.000
"202508040300","202508070000","06900",500.00,36.67,2025-08-04 02:50:06.000,2025-08-04 02:50:06.000
"202508040900","202508050000","01500",700.00,-1.35,2025-08-04 08:50:06.000,2025-08-04 08:50:06.000
"202508040900","202508050100","01600",700.00,29.14,2025-08-04 08:50:06.000,2025-08-04 08:50:06.000
"202508040900","202508050200","01700",650.00,-12.50,2025-08-04 08:50:06.000,2025-08-04 08:50:06.000
"202508040900","202508050300","01800",600.00,-7.78,2025-08-04 08:50:06.000,2025-08-04 08:50:06.000
"202508040900","202508050400","01900",650.00,30.58,2025-08-04 08:50:06.000,2025-08-04 08:50:06.000
"202508040900","202508050500","02000",650.00,12.36,2025-08-04 08:50:06.000,2025-08-04 08:50:06.000
"202508040900","202508050600","02100",650.00,-3.31,2025-08-04 08:50:06.000,2025-08-04 08:50:06.000
"202508040900","202508050700","02200",700.00,0.24,2025-08-04 08:50:06.000,2025-08-04 08:50:06.000
"202508040900","202508050800","02300",750.00,-12.67,2025-08-04 08:50:06.000,2025-08-04 08:50:06.000
"202508040900","202508050900","02400",750.00,-4.95,2025-08-04 08:50:06.000,2025-08-04 08:50:06.000
"202508040900","202508051000","02500",700.00,-1.44,2025-08-04 08:50:06.000,2025-08-04 08:50:06.000
"202508040900","202508051100","02600",600.00,20.66,2025-08-04 08:50:06.000,2025-08-04 08:50:06.000
"202508040900","202508051200","02700",600.00,47.84,2025-08-04 08:50:06.000,2025-08-04 08:50:06.000
"202508040900","202508051300","02800",500.00,-16.51,2025-08-04 08:50:06.000,2025-08-04 08:50:06.000
"202508040900","202508051400","02900",500.00,2.79,2025-08-04 08:50:06.000,2025-08-04 08:50:06.000
"202508040900","202508051500","03000",650.00,36.30,2025-08-04 08:50:06.000,2025-08-04 08:50:06.000
"202508040900","202508051600","03100",750.00,-12.23,2025-08-04 08:50:06.000,2025-08-04 08:50:06.000
"202508040900","202508051700","03200",850.00,-11.97,2025-08-04 08:50:06.000,2025-08-04 08:50:06.000
"202508040900","202508051800","03300",900.00,-15.16,2025-08-04 08:50:06.000,2025-08-04 08:50:06.000
"202508040900","202508051900","03400",950.00,0.56,2025-08-04 08:50:06.000,2025-08-04 08:50:06.000
"202508040900","202508052000","03500",900.00,2.43,2025-08-04 08:50:06.000,2025-08-04 08:50:06.000
"202508040900","202508052100","03600",800.00,-9.02,2025-08-04 08:50:06.000,2025-08-04 08:50:06.000
"202508040900","202508052200","03700",750.00,15.39,2025-08-04 08:50:06.000,2025-08-04 08:50:06.000
"202508040900","202508052300","03800",750.00,35.17,2025-08-04 08:50:06.000,2025-08-04 08:50:06.000
"202508040900","202508060000","03900",600.00,-10.92,2025-08-04 08:50:06.000,2025-08-04 08:50:06.000
"202508040900","202508060100","04000",600.00,4.43,2025-08-04 08:50:06.000,2025-08-04 08:50:06.000
"202508040900","202508060200","04100",550.00,-8.90,2025-08-04 08:50:06.000,2025-08-04 08:50:06.000
"202508040900","202508060300","04200",550.00,-2.47,2025-08-04 08:50:06.000,2025-08-04 08:50:06.000
"202508040900","202508060400","04300",600.00,27.81,2025-08-04 08:50:06.000,2025-08-04 08:50:06.000
"202508040900","202508060500","04400",600.00,27.19,2025-08-04 08:50:06.000,2025-08-04 08:50:06.000
"202508040900","202508060600","04500",600.00,26.34,2025-08-04 08:50:06.000,2025-08-04 08:50:06.000
"202508040900","202508060700","04600",650.00,17.16,2025-08-04 08:50:06.000,2025-08-04 08:50:06.000
"202508040900","202508060800","04700",700.00,35.04,2025-08-04 08:50:06.000,2025-08-04 08:50:06.000
"202508040900","202508060900","04800",650.00,36.02,2025-08-04 08:50:06.000,2025-08-04 08:50:06.000
"202508040900","202508061000","04900",700.00,6.81,2025-08-04 08:50:06.000,2025-08-04 08:50:06.000
"202508040900","202508061100","05000",700.00,34.70,2025-08-04 08:50:06.000,2025-08-04 08:50:06.000
"202508040900","202508061200","05100",650.00,27.61,2025-08-04 08:50:06.000,2025-08-04 08:50:06.000
"202508040900","202508061300","05200",650.00,2.74,2025-08-04 08:50:06.000,2025-08-04 08:50:06.000
"202508040900","202508061400","05300",600.00,-0.09,2025-08-04 08:50:06.000,2025-08-04 08:50:06.000
"202508040900","202508061500","05400",700.00,29.61,2025-08-04 08:50:06.000,2025-08-04 08:50:06.000
"202508040900","202508061600","05500",700.00,0.83,2025-08-04 08:50:06.000,2025-08-04 08:50:06.000
"202508040900","202508061700","05600",800.00,4.35,2025-08-04 08:50:06.000,2025-08-04 08:50:06.000
"202508040900","202508061800","05700",850.00,-9.17,2025-08-04 08:50:06.000,2025-08-04 08:50:06.000
"202508040900","202508061900","05800",850.00,-6.26,2025-08-04 08:50:06.000,2025-08-04 08:50:06.000
"202508040900","202508062000","05900",850.00,8.88,2025-08-04 08:50:06.000,2025-08-04 08:50:06.000
"202508040900","202508062100","06000",800.00,25.48,2025-08-04 08:50:06.000,2025-08-04 08:50:06.000
"202508040900","202508062200","06100",650.00,1.90,2025-08-04 08:50:06.000,2025-08-04 08:50:06.000
"202508040900","202508062300","06200",700.00,21.23,2025-08-04 08:50:06.000,2025-08-04 08:50:06.000
"202508040900","202508070000","06300",550.00,23.88,2025-08-04 08:50:06.000,2025-08-04 08:50:06.000
"202508041500","202508050000","00900",750.00,-13.27,2025-08-04 14:50:06.000,2025-08-04 14:50:06.000
"202508041500","202508050100","01000",700.00,10.58,2025-08-04 14:50:06.000,2025-08-04 14:50:06.000
"202508041500","202508050200","01100",700.00,31.82,2025-08-04 14:50:06.000,2025-08-04 14:50:06.000
"202508041500","202508050300","01200",650.00,30.40,2025-08-04 14:50:06.000,2025-08-04 14:50:06.000
"202508041500","202508050400","01300",650.00,25.71,2025-08-04 14:50:06.000,2025-08-04 14:50:06.000
"202508041500","202508050500","01400",650.00,-4.70,2025-08-04 14:50:06.000,2025-08-04 14:50:06.000
"202508041500","202508050600","01500",650.00,7.27,2025-08-04 14:50:06.000,2025-08-04 14:50:06.000
"202508041500","202508050700","01600",700.00,15.23,2025-08-04 14:50:06.000,2025-08-04 14:50:06.000
"202508041500","202508050800","01700",750.00,-2.33,2025-08-04 14:50:06.000,2025-08-04 14:50:06.000
"202508041500","202508050900","01800",750.00,30.26,2025-08-04 14:50:06.000,2025-08-04 14:50:06.000
"202508041500","202508051000","01900",750.00,-7.92,2025-08-04 14:50:06.000,2025-08-04 14:50:06.000
"202508041500","202508051100","02000",750.00,27.02,2025-08-04 14:50:06.000,2025-08-04 14:50:06.000
"202508041500","202508051200","02100",650.00,-1.80,2025-08-04 14:50:06.000,2025-08-04 14:50:06.000
"202508041500","202508051300","02200",700.00,11.98,2025-08-04 14:50:06.000,2025-08-04 14:50:06.000
"202508041500","202508051400","02300",500.00,24.15,2025-08-04 14:50:06.000,2025-08-04 14:50:06.000
"202508041500","202508051500","02400",350.00,-246.03,2025-08-04 14:50:06.000,2025-08-04 14:50:06.000
"202508041500","202508051600","02500",700.00,-1.15,2025-08-04 14:50:06.000,2025-08-04 14:50:06.000
"202508041500","202508051700","02600",850.00,27.83,2025-08-04 14:50:06.000,2025-08-04 14:50:06.000
"202508041500","202508051800","02700",900.00,-19.24,2025-08-04 14:50:06.000,2025-08-04 14:50:06.000
"202508041500","202508051900","02800",950.00,-16.55,2025-08-04 14:50:06.000,2025-08-04 14:50:06.000
"202508041500","202508052000","02900",950.00,-5.96,2025-08-04 14:50:06.000,2025-08-04 14:50:06.000
"202508041500","202508052100","03000",950.00,1.58,2025-08-04 14:50:06.000,2025-08-04 14:50:06.000
"202508041500","202508052200","03100",850.00,22.67,2025-08-04 14:50:06.000,2025-08-04 14:50:06.000
"202508041500","202508052300","03200",750.00,-13.02,2025-08-04 14:50:06.000,2025-08-04 14:50:06.000
"202508041500","202508060000","03300",750.00,29.83,2025-08-04 14:50:06.000,2025-08-04 14:50:06.000
"202508041500","202508060100","03400",650.00,16.03,2025-08-04 14:50:06.000,2025-08-04 14:50:06.000
"202508041500","202508060200","03500",600.00,32.59,2025-08-04 14:50:06.000,2025-08-04 14:50:06.000
"202508041500","202508060300","03600",600.00,25.60,2025-08-04 14:50:06.000,2025-08-04 14:50:06.000
"202508041500","202508060400","03700",600.00,36.05,2025-08-04 14:50:06.000,2025-08-04 14:50:06.000
"202508041500","202508060500","03800",600.00,4.85,2025-08-04 14:50:06.000,2025-08-04 14:50:06.000
"202508041500","202508060600","03900",600.00,28.30,2025-08-04 14:50:06.000,2025-08-04 14:50:06.000
"202508041500","202508060700","04000",600.00,5.88,2025-08-04 14:50:06.000,2025-08-04 14:50:06.000
"202508041500","202508060800","04100",750.00,-9.60,2025-08-04 14:50:06.000,2025-08-04 14:50:06.000
"202508041500","202508060900","04200",750.00,5.74,2025-08-04 14:50:06.000,2025-08-04 14:50:06.000
"202508041500","202508061000","04300",700.00,-5.34,2025-08-04 14:50:06.000,2025-08-04 14:50:06.000
"202508041500","202508061100","04400",750.00,37.20,2025-08-04 14:50:06.000,2025-08-04 14:50:06.000
"202508041500","202508061200","04500",650.00,42.60,2025-08-04 14:50:06.000,2025-08-04 14:50:06.000
"202508041500","202508061300","04600",350.00,-262.01,2025-08-04 14:50:06.000,2025-08-04 14:50:06.000
"202508041500","202508061400","04700",350.00,-185.27,2025-08-04 14:50:06.000,2025-08-04 14:50:06.000
"202508041500","202508061500","04800",350.00,-247.27,2025-08-04 14:50:06.000,2025-08-04 14:50:06.000
"202508041500","202508061600","04900",600.00,25.37,2025-08-04 14:50:06.000,2025-08-04 14:50:06.000
"202508041500","202508061700","05000",700.00,39.44,2025-08-04 14:50:06.000,2025-08-04 14:50:06.000
"202508041500","202508061800","05100",750.00,23.02,2025-08-04 14:50:06.000,2025-08-04 14:50:06.000
"202508041500","202508061900","05200",750.00,7.96,2025-08-04 14:50:06.000,2025-08-04 14:50:06.000
"202508041500","202508062000","05300",750.00,15.90,2025-08-04 14:50:06.000,2025-08-04 14:50:06.000
"202508041500","202508062100","05400",700.00,-0.51,2025-08-04 14:50:06.000,2025-08-04 14:50:06.000
"202508041500","202508062200","05500",550.00,-7.90,2025-08-04 14:50:06.000,2025-08-04 14:50:06.000
"202508041500","202508062300","05600",600.00,-12.58,2025-08-04 14:50:06.000,2025-08-04 14:50:06.000
"202508041500","202508070000","05700",500.00,2.08,2025-08-04 14:50:06.000,2025-08-04 14:50:06.000
"202508042100","202508050000","00300",750.00,13.53,2025-08-04 20:50:06.000,2025-08-04 20:50:06.000
"202508042100","202508050100","00400",700.00,15.21,2025-08-04 20:50:06.000,2025-08-04 20:50:06.000
"202508042100","202508050200","00500",750.00,30.39,2025-08-04 20:50:06.000,2025-08-04 20:50:06.000
"202508042100","202508050300","00600",650.00,12.31,2025-08-04 20:50:06.000,2025-08-04 20:50:06.000
"202508042100","202508050400","00700",650.00,-6.98,2025-08-04 20:50:06.000,2025-08-04 20:50:06.000
"202508042100","202508050500","00800",700.00,10.32,2025-08-04 20:50:06.000,2025-08-04 20:50:06.000
"202508042100","202508050600","00900",650.00,-12.58,2025-08-04 20:50:06.000,2025-08-04 20:50:06.000
"202508042100","202508050700","01000",850.00,30.77,2025-08-04 20:50:06.000,2025-08-04 20:50:06.000
"202508042100","202508050800","01100",850.00,5.72,2025-08-04 20:50:06.000,2025-08-04 20:50:06.000
"202508042100","202508050900","01200",850.00,-7.86,2025-08-04 20:50:06.000,2025-08-04 20:50:06.000
"202508042100","202508051000","01300",750.00,-9.08,2025-08-04 20:50:06.000,2025-08-04 20:50:06.000
"202508042100","202508051100","01400",700.00,7.72,2025-08-04 20:50:06.000,2025-08-04 20:50:06.000
"202508042100","202508051200","01500",700.00,17.77,2025-08-04 20:50:06.000,2025-08-04 20:50:06.000
"202508042100","202508051300","01600",700.00,26.88,2025-08-04 20:50:06.000,2025-08-04 20:50:06.000
"202508042100","202508051400","01700",700.00,3.07,2025-08-04 20:50:06.000,2025-08-04 20:50:06.000
"202508042100","202508051500","01800",750.00,31.17,2025-08-04 20:50:06.000,2025-08-04 20:50:06.000
"202508042100","202508051600","01900",350.00,-484.93,2025-08-04 20:50:06.000,2025-08-04 20:50:06.000
"202508042100","202508051700","02000",950.00,-11.54,2025-08-04 20:50:06.000,2025-08-04 20:50:06.000
"202508042100","202508051800","02100",1000.00,-6.30,2025-08-04 20:50:06.000,2025-08-04 20:50:06.000
"202508042100","202508051900","02200",350.00,-777.35,2025-08-04 20:50:06.000,2025-08-04 20:50:06.000
"202508042100","202508052000","02300",950.00,-15.26,2025-08-04 20:50:06.000,2025-08-04 20:50:06.000
"202508042100","202508052100","02400",950.00,-1.68,2025-08-04 20:50:06.000,2025-08-04 20:50:06.000
"202508042100","202508052200","02500",850.00,18.72,2025-08-04 20:50:06.000,2025-08-04 20:50:06.000
"202508042100","202508052300","02600",800.00,17.19,2025-08-04 20:50:06.000,2025-08-04 20:50:06.000
"202508042100","202508060000","02700",700.00,15.17,2025-08-04 20:50:06.000,2025-08-04 20:50:06.000
"202508042100","202508060100","02800",650.00,6.83,2025-08-04 20:50:06.000,2025-08-04 20:50:06.000
"202508042100","202508060200","02900",650.00,-4.44,2025-08-04 20:50:06.000,2025-08-04 20:50:06.000
"202508042100","202508060300","03000",550.00,-0.10,2025-08-04 20:50:06.000,2025-08-04 20:50:06.000
"202508042100","202508060400","03100",600.00,35.03,2025-08-04 20:50:06.000,2025-08-04 20:50:06.000
"202508042100","202508060500","03200",600.00,16.68,2025-08-04 20:50:06.000,2025-08-04 20:50:06.000
"202508042100","202508060600","03300",650.00,14.58,2025-08-04 20:50:06.000,2025-08-04 20:50:06.000
"202508042100","202508060700","03400",700.00,10.13,2025-08-04 20:50:06.000,2025-08-04 20:50:06.000
"202508042100","202508060800","03500",750.00,10.30,2025-08-04 20:50:06.000,2025-08-04 20:50:06.000
"202508042100","202508060900","03600",700.00,13.97,2025-08-04 20:50:06.000,2025-08-04 20:50:06.000
"202508042100","202508061000","03700",750.00,37.03,2025-08-04 20:50:06.000,2025-08-04 20:50:06.000
"202508042100","202508061100","03800",700.00,26.45,2025-08-04 20:50:06.000,2025-08-04 20:50:06.000
"202508042100","202508061200","03900",700.00,-5.87,2025-08-04 20:50:06.000,2025-08-04 20:50:06.000
"202508042100","202508061300","04000",750.00,19.92,2025-08-04 20:50:06.000,2025-08-04 20:50:06.000
"202508042100","202508061400","04100",700.00,60.21,2025-08-04 20:50:06.000,2025-08-04 20:50:06.000
"202508042100","202508061500","04200",700.00,48.91,2025-08-04 20:50:06.000,2025-08-04 20:50:06.000
"202508042100","202508061600","04300",850.00,28.78,2025-08-04 20:50:06.000,2025-08-04 20:50:06.000
"202508042100","202508061700","04400",350.00,-634.72,2025-08-04 20:50:06.000,2025-08-04 20:50:06.000
"202508042100","202508061800","04500",350.00,-665.08,2025-08-04 20:50:06.000,2025-08-04 20:50:06.000
"202508042100","202508061900","04600",350.00,-701.09,2025-08-04 20:50:06.000,2025-08-04 20:50:06.000
"202508042100","202508062000","04700",1000.00,-10.90,2025-08-04 20:50:06.000,2025-08-04 20:50:06.000
"202508042100","202508062100","04800",900.00,9.67,2025-08-04 20:50:06.000,2025-08-04 20:50:06.000
"202508042100","202508062200","04900",600.00,15.57,2025-08-04 20:50:06.000,2025-08-04 20:50:06.000
"202508042100","202508062300","05000",650.00,27.41,2025-08-04 20:50:06.000,2025-08-04 20:50:06.000
"202508042100","202508070000","05100",550.00,26.34,2025-08-04 20:50:06.000,2025-08-04 20:50:06.000
"202508050300","202508060000","02100",650.00,-4.40,2025-08-05 02:50:05.000,2025-08-05 02:50:05.000
"202508050300","202508060100","02200",650.00,-6.51,2025-08-05 02:50:05.000,2025-08-05 02:50:05.000
"202508050300","202508060200","02300",650.00,25.83,2025-08-05 02:50:05.000,2025-08-05 02:50:05.000
"202508050300","202508060300","02400",650.00,11.32,2025-08-05 02:50:05.000,2025-08-05 02:50:05.000
"202508050300","202508060400","02500",650.00,16.23,2025-08-05 02:50:05.000,2025-08-05 02:50:05.000
"202508050300","202508060500","02600",650.00,31.03,2025-08-05 02:50:05.000,2025-08-05 02:50:05.000
"202508050300","202508060600","02700",600.00,-3.69,2025-08-05 02:50:05.000,2025-08-05 02:50:05.000
"202508050300","202508060700","02800",700.00,18.20,2025-08-05 02:50:05.000,2025-08-05 02:50:05.000
"202508050300","202508060800","02900",700.00,3.99,2025-08-05 02:50:05.000,2025-08-05 02:50:05.000
"202508050300","202508060900","03000",800.00,13.32,2025-08-05 02:50:05.000,2025-08-05 02:50:05.000
"202508050300","202508061000","03100",650.00,-0.09,2025-08-05 02:50:05.000,2025-08-05 02:50:05.000
"202508050300","202508061100","03200",700.00,15.52,2025-08-05 02:50:05.000,2025-08-05 02:50:05.000
"202508050300","202508061200","03300",600.00,17.34,2025-08-05 02:50:05.000,2025-08-05 02:50:05.000
"202508050300","202508061300","03400",350.00,-211.54,2025-08-05 02:50:05.000,2025-08-05 02:50:05.000
"202508050300","202508061400","03500",700.00,41.03,2025-08-05 02:50:05.000,2025-08-05 02:50:05.000
"202508050300","202508061500","03600",700.00,0.52,2025-08-05 02:50:05.000,2025-08-05 02:50:05.000
"202508050300","202508061600","03700",750.00,-4.22,2025-08-05 02:50:05.000,2025-08-05 02:50:05.000
"202508050300","202508061700","03800",900.00,27.56,2025-08-05 02:50:05.000,2025-08-05 02:50:05.000
"202508050300","202508061800","03900",900.00,-21.04,2025-08-05 02:50:05.000,2025-08-05 02:50:05.000
"202508050300","202508061900","04000",950.00,0.17,2025-08-05 02:50:05.000,2025-08-05 02:50:05.000
"202508050300","202508062000","04100",950.00,-2.66,2025-08-05 02:50:05.000,2025-08-05 02:50:05.000
"202508050300","202508062100","04200",850.00,8.65,2025-08-05 02:50:05.000,2025-08-05 02:50:05.000
"202508050300","202508062200","04300",800.00,-0.52,2025-08-05 02:50:05.000,2025-08-05 02:50:05.000
"202508050300","202508062300","04400",750.00,9.45,2025-08-05 02:50:05.000,2025-08-05 02:50:05.000
"202508050300","202508070000","04500",750.00,0.87,2025-08-05 02:50:05.000,2025-08-05 02:50:05.000
"202508050300","202508070100","04600",600.00,-11.69,2025-08-05 02:50:05.000,2025-08-05 02:50:05.000
"202508050300","202508070200","04700",600.00,17.21,2025-08-05 02:50:05.000,2025-08-05 02:50:05.000
"202508050300","202508070300","04800",650.00,19.69,2025-08-05 02:50:05.000,2025-08-05 02:50:05.000
"202508050300","202508070400","04900",750.00,33.77,2025-08-05 02:50:05.000,2025-08-05 02:50:05.000
"202508050300","202508070500","05000",750.00,12.49,2025-08-05 02:50:05.000,2025-08-05 02:50:05.000
"202508050300","202508070600","05100",800.00,5.15,2025-08-05 02:50:05.000,2025-08-05 02:50:05.000
"202508050300","202508070700","05200",800.00,30.63,2025-08-05 02:50:05.000,2025-08-05 02:50:05.000
"202508050300","202508070800","05300",800.00,32.71,2025-08-05 02:50:05.000,2025-08-05 02:50:05.000
"202508050300","202508070900","05400",750.00,14.77,2025-08-05 02:50:05.000,2025-08-05 02:50:05.000
"202508050300","202508071000","05500",700.00,-3.30,2025-08-05 02:50:05.000,2025-08-05 02:50:05.000
"202508050300","202508071100","05600",800.00,30.95,2025-08-05 02:50:05.000,2025-08-05 02:50:05.000
"202508050300","202508071200","05700",750.00,-10.05,2025-08-05 02:50:05.000,2025-08-05 02:50:05.000
"202508050300","202508071300","05800",750.00,17.87,2025-08-05 02:50:05.000,2025-08-05 02:50:05.000
"202508050300","202508071400","05900",800.00,32.77,2025-08-05 02:50:05.000,2025-08-05 02:50:05.000
"202508050300","202508071500","06000",800.00,-10.57,2025-08-05 02:50:05.000,2025-08-05 02:50:05.000
"202508050300","202508071600","06100",850.00,-27.77,2025-08-05 02:50:05.000,2025-08-05 02:50:05.000
"202508050300","202508071700","06200",850.00,10.22,2025-08-05 02:50:05.000,2025-08-05 02:50:05.000
"202508050300","202508071800","06300",800.00,-5.05,2025-08-05 02:50:05.000,2025-08-05 02:50:05.000
"202508050300","202508071900","06400",750.00,4.91,2025-08-05 02:50:05.000,2025-08-05 02:50:05.000
"202508050300","202508072000","06500",700.00,4.70,2025-08-05 02:50:05.000,2025-08-05 02:50:05.000
"202508050300","202508072100","06600",700.00,34.00,2025-08-05 02:50:05.000,2025-08-05 02:50:05.000
"202508050300","202508072200","06700",600.00,0.36,2025-08-05 02:50:05.000,2025-08-05 02:50:05.000
"202508050300","202508072300","06800",650.00,31.43,2025-08-05 02:50:05.000,2025-08-05 02:50:05.000
"202508050300","202508080000","06900",600.00,30.94,2025-08-05 02:50:05.000,2025-08-05 02:50:05.000
"202508050900","202508060000","01500",750.00,14.82,2025-08-05 08:50:06.000,2025-08-05 08:50:06.000
"202508050900","202508060100","01600",650.00,11.44,2025-08-05 08:50:06.000,2025-08-05 08:50:06.000
"202508050900","202508060200","01700",600.00,2.03,2025-08-05 08:50:06.000,2025-08-05 08:50:06.000
"202508050900","202508060300","01800",600.00,-0.98,2025-08-05 08:50:06.000,2025-08-05 08:50:06.000
"202508050900","202508060400","01900",600.00,-6.77,2025-08-05 08:50:06.000,2025-08-05 08:50:06.000
"202508050900","202508060500","02000",650.00,28.61,2025-08-05 08:50:06.000,2025-08-05 08:50:06.000
"202508050900","202508060600","02100",650.00,-8.98,2025-08-05 08:50:06.000,2025-08-05 08:50:06.000
"202508050900","202508060700","02200",750.00,32.16,2025-08-05 08:50:06.000,2025-08-05 08:50:06.000
"202508050900","202508060800","02300",800.00,27.74,2025-08-05 08:50:06.000,2025-08-05 08:50:06.000
"202508050900","202508060900","02400",800.00,24.97,2025-08-05 08:50:06.000,2025-08-05 08:50:06.000
"202508050900","202508061000","02500",750.00,37.97,2025-08-05 08:50:06.000,2025-08-05 08:50:06.000
"202508050900","202508061100","02600",600.00,13.27,2025-08-05 08:50:06.000,2025-08-05 08:50:06.000
"202508050900","202508061200","02700",650.00,-10.80,2025-08-05 08:50:06.000,2025-08-05 08:50:06.000
"202508050900","202508061300","02800",650.00,20.17,2025-08-05 08:50:06.000,2025-08-05 08:50:06.000
"202508050900","202508061400","02900",650.00,9.47,2025-08-05 08:50:06.000,2025-08-05 08:50:06.000
"202508050900","202508061500","03000",750.00,17.74,2025-08-05 08:50:06.000,2025-08-05 08:50:06.000
"202508050900","202508061600","03100",800.00,32.07,2025-08-05 08:50:06.000,2025-08-05 08:50:06.000
"202508050900","202508061700","03200",900.00,7.05,2025-08-05 08:50:06.000,2025-08-05 08:50:06.000
"202508050900","202508061800","03300",900.00,-2.31,2025-08-05 08:50:06.000,2025-08-05 08:50:06.000
"202508050900","202508061900","03400",1000.00,32.08,2025-08-05 08:50:06.000,2025-08-05 08:50:06.000
"202508050900","202508062000","03500",950.00,-7.59,2025-08-05 08:50:06.000,2025-08-05 08:50:06.000
"202508050900","202508062100","03600",850.00,5.17,2025-08-05 08:50:06.000,2025-08-05 08:50:06.000
"202508050900","202508062200","03700",750.00,10.80,2025-08-05 08:50:06.000,2025-08-05 08:50:06.000
"202508050900","202508062300","03800",700.00,26.11,2025-08-05 08:50:06.000,2025-08-05 08:50:06.000
"202508050900","202508070000","03900",600.00,-9.23,2025-08-05 08:50:06.000,2025-08-05 08:50:06.000
"202508050900","202508070100","04000",600.00,12.01,2025-08-05 08:50:06.000,2025-08-05 08:50:06.000
"202508050900","202508070200","04100",600.00,34.68,2025-08-05 08:50:06.000,2025-08-05 08:50:06.000
"202508050900","202508070300","04200",600.00,-12.05,2025-08-05 08:50:06.000,2025-08-05 08:50:06.000
"202508050900","202508070400","04300",600.00,0.96,2025-08-05 08:50:06.000,2025-08-05 08:50:06.000
"202508050900","202508070500","04400",650.00,16.18,2025-08-05 08:50:06.000,2025-08-05 08:50:06.000
"202508050900","202508070600","04500",650.00,-5.06,2025-08-05 08:50:06.000,2025-08-05 08:50:06.000
"202508050900","202508070700","04600",750.00,30.33,2025-08-05 08:50:06.000,2025-08-05 08:50:06.000
"202508050900","202508070800","04700",850.00,17.61,2025-08-05 08:50:06.000,2025-08-05 08:50:06.000
"202508050900","202508070900","04800",850.00,-5.03,2025-08-05 08:50:06.000,2025-08-05 08:50:06.000
"202508050900","202508071000","04900",800.00,16.06,2025-08-05 08:50:06.000,2025-08-05 08:50:06.000
"202508050900","202508071100","05000",800.00,-7.11,2025-08-05 08:50:06.000,2025-08-05 08:50:06.000
"202508050900","202508071200","05100",800.00,17.74,2025-08-05 08:50:06.000,2025-08-05 08:50:06.000
"202508050900","202508071300","05200",750.00,24.99,2025-08-05 08:50:06.000,2025-08-05 08:50:06.000
"202508050900","202508071400","05300",750.00,0.18,2025-08-05 08:50:06.000,2025-08-05 08:50:06.000
"202508050900","202508071500","05400",750.00,-2.49,2025-08-05 08:50:06.000,2025-08-05 08:50:06.000
"202508050900","202508071600","05500",750.00,2.61,2025-08-05 08:50:06.000,2025-08-05 08:50:06.000
"202508050900","202508071700","05600",800.00,18.90,2025-08-05 08:50:06.000,2025-08-05 08:50:06.000
"202508050900","202508071800","05700",850.00,28.49,2025-08-05 08:50:06.000,2025-08-05 08:50:06.000
"202508050900","202508071900","05800",850.00,-3.01,2025-08-05 08:50:06.000,2025-08-05 08:50:06.000
"202508050900","202508072000","05900",850.00,7.49,2025-08-05 08:50:06.000,2025-08-05 08:50:06.000
"202508050900","202508072100","06000",850.00,20.75,2025-08-05 08:50:06.000,2025-08-05 08:50:06.000
"202508050900","202508072200","06100",700.00,10.26,2025-08-05 08:50:06.000,2025-08-05 08:50:06.000
"202508050900","202508072300","06200",750.00,28.62,2025-08-05 08:50:06.000,2025-08-05 08:50:06.000
"202508050900","202508080000","06300",650.00,24.08,2025-08-05 08:50:06.000,2025-08-05 08:50:06.000
"202508051500","202508060000","00900",850.00,21.35,2025-08-05 14:50:05.000,2025-08-05 14:50:05.000
"202508051500","202508060100","01000",700.00,0.82,2025-08-05 14:50:05.000,2025-08-05 14:50:05.000
"202508051500","202508060200","01100",750.00,30.51,2025-08-05 14:50:05.000,2025-08-05 14:50:05.000
"202508051500","202508060300","01200",600.00,9.65,2025-08-05 14:50:05.000,2025-08-05 14:50:05.000
"202508051500","202508060400","01300",650.00,1.70,2025-08-05 14:50:05.000,2025-08-05 14:50:05.000
"202508051500","202508060500","01400",700.00,20.37,2025-08-05 14:50:05.000,2025-08-05 14:50:05.000
"202508051500","202508060600","01500",700.00,28.12,2025-08-05 14:50:05.000,2025-08-05 14:50:05.000
"202508051500","202508060700","01600",700.00,11.57,2025-08-05 14:50:05.000,2025-08-05 14:50:05.000
"202508051500","202508060800","01700",750.00,20.36,2025-08-05 14:50:05.000,2025-08-05 14:50:05.000
"202508051500","202508060900","01800",700.00,22.30,2025-08-05 14:50:05.000,2025-08-05 14:50:05.000
"202508051500","202508061000","01900",700.00,3.84,2025-08-05 14:50:05.000,2025-08-05 14:50:05.000
"202508051500","202508061100","02000",700.00,30.02,2025-08-05 14:50:05.000,2025-08-05 14:50:05.000
"202508051500","202508061200","02100",600.00,0.02,2025-08-05 14:50:05.000,2025-08-05 14:50:05.000
"202508051500","202508061300","02200",700.00,10.03,2025-08-05 14:50:05.000,2025-08-05 14:50:05.000
"202508051500","202508061400","02300",650.00,-9.98,2025-08-05 14:50:05.000,2025-08-05 14:50:05.000
"202508051500","202508061500","02400",700.00,5.48,2025-08-05 14:50:05.000,2025-08-05 14:50:05.000
"202508051500","202508061600","02500",850.00,27.33,2025-08-05 14:50:05.000,2025-08-05 14:50:05.000
"202508051500","202508061700","02600",850.00,29.01,2025-08-05 14:50:05.000,2025-08-05 14:50:05.000
"202508051500","202508061800","02700",900.00,-33.99,2025-08-05 14:50:05.000,2025-08-05 14:50:05.000
"202508051500","202508061900","02800",1000.00,12.30,2025-08-05 14:50:05.000,2025-08-05 14:50:05.000
"202508051500","202508062000","02900",900.00,14.89,2025-08-05 14:50:05.000,2025-08-05 14:50:05.000
"202508051500","202508062100","03000",900.00,-9.91,2025-08-05 14:50:05.000,2025-08-05 14:50:05.000
"202508051500","202508062200","03100",750.00,3.43,2025-08-05 14:50:05.000,2025-08-05 14:50:05.000
"202508051500","202508062300","03200",800.00,17.21,2025-08-05 14:50:05.000,2025-08-05 14:50:05.000
"202508051500","202508070000","03300",700.00,30.72,2025-08-05 14:50:05.000,2025-08-05 14:50:05.000
"202508051500","202508070100","03400",600.00,13.35,2025-08-05 14:50:05.000,2025-08-05 14:50:05.000
"202508051500","202508070200","03500",600.00,21.21,2025-08-05 14:50:05.000,2025-08-05 14:50:05.000
"202508051500","202508070300","03600",600.00,22.03,2025-08-05 14:50:05.000,2025-08-05 14:50:05.000
"202508051500","202508070400","03700",550.00,29.42,2025-08-05 14:50:05.000,2025-08-05 14:50:05.000
"202508051500","202508070500","03800",650.00,6.56,2025-08-05 14:50:05.000,2025-08-05 14:50:05.000
"202508051500","202508070600","03900",650.00,-13.84,2025-08-05 14:50:05.000,2025-08-05 14:50:05.000
"202508051500","202508070700","04000",750.00,18.89,2025-08-05 14:50:05.000,2025-08-05 14:50:05.000
"202508051500","202508070800","04100",800.00,-8.53,2025-08-05 14:50:05.000,2025-08-05 14:50:05.000
"202508051500","202508070900","04200",850.00,17.24,2025-08-05 14:50:05.000,2025-08-05 14:50:05.000
"202508051500","202508071000","04300",850.00,7.11,2025-08-05 14:50:05.000,2025-08-05 14:50:05.000
"202508051500","202508071100","04400",900.00,-15.31,2025-08-05 14:50:05.000,2025-08-05 14:50:05.000
"202508051500","202508071200","04500",800.00,-1.56,2025-08-05 14:50:05.000,2025-08-05 14:50:05.000
"202508051500","202508071300","04600",800.00,3.63,2025-08-05 14:50:05.000,2025-08-05 14:50:05.000
"202508051500","202508071400","04700",800.00,12.65,2025-08-05 14:50:05.000,2025-08-05 14:50:05.000
"202508051500","202508071500","04800",900.00,-11.06,2025-08-05 14:50:05.000,2025-08-05 14:50:05.000
"202508051500","202508071600","04900",850.00,19.68,2025-08-05 14:50:05.000,2025-08-05 14:50:05.000
"202508051500","202508071700","05000",850.00,-5.83,2025-08-05 14:50:05.000,2025-08-05 14:50:05.000
"202508051500","202508071800","05100",900.00,19.42,2025-08-05 14:50:05.000,2025-08-05 14:50:05.000
"202508051500","202508071900","05200",900.00,27.68,2025-08-05 14:50:05.000,2025-08-05 14:50:05.000
"202508051500","202508072000","05300",900.00,14.68,2025-08-05 14:50:05.000,2025-08-05 14:50:05.000
"202508051500","202508072100","05400",900.00,30.79,2025-08-05 14:50:05.000,2025-08-05 14:50:05.000
"202508051500","202508072200","05500",750.00,5.35,2025-08-05 14:50:05.000,2025-08-05 14:50:05.000
"202508051500","202508072300","05600",750.00,-16.03,2025-08-05 14:50:05.000,2025-08-05 14:50:05.000
"202508051500","202508080000","05700",700.00,18.66,2025-08-05 14:50:05.000,2025-08-05 14:50:05.000
"202508052100","202508060000","00300",750.00,15.36,2025-08-05 20:50:06.000,2025-08-05 20:50:06.000
"202508052100","202508060100","00400",650.00,-6.89,2025-08-05 20:50:06.000,2025-08-05 20:50:06.000
"202508052100","202508060200","00500",700.00,5.72,2025-08-05 20:50:06.000,2025-08-05 20:50:06.000
"202508052100","202508060300","00600",650.00,17.34,2025-08-05 20:50:06.000,2025-08-05 20:50:06.000
"202508052100","202508060400","00700",650.00,20.13,2025-08-05 20:50:06.000,2025-08-05 20:50:06.000
"202508052100","202508060500","00800",650.00,5.48,2025-08-05 20:50:06.000,2025-08-05 20:50:06.000
"202508052100","202508060600","00900",650.00,8.52,2025-08-05 20:50:06.000,2025-08-05 20:50:06.000
"202508052100","202508060700","01000",750.00,-11.44,2025-08-05 20:50:06.000,2025-08-05 20:50:06.000
"202508052100","202508060800","01100",800.00,-14.08,2025-08-05 20:50:06.000,2025-08-05 20:50:06.000
"202508052100","202508060900","01200",850.00,8.15,2025-08-05 20:50:06.000,2025-08-05 20:50:06.000
"202508052100","202508061000","01300",750.00,5.41,2025-08-05 20:50:06.000,2025-08-05 20:50:06.000
"202508052100","202508061100","01400",650.00,24.88,2025-08-05 20:50:06.000,2025-08-05 20:50:06.000
"202508052100","202508061200","01500",700.00,18.09,2025-08-05 20:50:06.000,2025-08-05 20:50:06.000
"202508052100","202508061300","01600",700.00,-3.23,2025-08-05 20:50:06.000,2025-08-05 20:50:06.000
"202508052100","202508061400","01700",500.00,-31.59,2025-08-05 20:50:06.000,2025-08-05 20:50:06.000
"202508052100","202508061500","01800",750.00,4.43,2025-08-05 20:50:06.000,2025-08-05 20:50:06.000
"202508052100","202508061600","01900",900.00,-16.14,2025-08-05 20:50:06.000,2025-08-05 20:50:06.000
"202508052100","202508061700","02000",900.00,23.34,2025-08-05 20:50:06.000,2025-08-05 20:50:06.000
"202508052100","202508061800","02100",1000.00,28.45,2025-08-05 20:50:06.000,2025-08-05 20:50:06.000
"202508052100","202508061900","02200",350.00,-741.24,2025-08-05 20:50:06.000,2025-08-05 20:50:06.000
"202508052100","202508062000","02300",950.00,-15.53,2025-08-05 20:50:06.000,2025-08-05 20:50:06.000
"202508052100","202508062100","02400",1000.00,-16.20,2025-08-05 20:50:06.000,2025-08-05 20:50:06.000
"202508052100","202508062200","02500",900.00,26.28,2025-08-05 20:50:06.000,2025-08-05 20:50:06.000
"202508052100","202508062300","02600",800.00,-2.98,2025-08-05 20:50:06.000,2025-08-05 20:50:06.000
"202508052100","202508070000","02700",700.00,28.12,2025-08-05 20:50:06.000,2025-08-05 20:50:06.000
"202508052100","202508070100","02800",600.00,-2.53,2025-08-05 20:50:06.000,2025-08-05 20:50:06.000
"202508052100","202508070200","02900",600.00,20.18,2025-08-05 20:50:06.000,2025-08-05 20:50:06.000
"202508052100","202508070300","03000",500.00,1.55,2025-08-05 20:50:06.000,2025-08-05 20:50:06.000
"202508052100","202508070400","03100",550.00,37.29,2025-08-05 20:50:06.000,2025-08-05 20:50:06.000
"202508052100","202508070500","03200",600.00,36.46,2025-08-05 20:50:06.000,2025-08-05 20:50:06.000
"202508052100","202508070600","03300",650.00,4.35,2025-08-05 20:50:06.000,2025-08-05 20:50:06.000
"202508052100","202508070700","03400",750.00,29.59,2025-08-05 20:50:06.000,2025-08-05 20:50:06.000
"202508052100","202508070800","03500",850.00,9.80,2025-08-05 20:50:06.000,2025-08-05 20:50:06.000
"202508052100","202508070900","03600",800.00,19.12,2025-08-05 20:50:06.000,2025-08-05 20:50:06.000
"202508052100","202508071000","03700",800.00,12.04,2025-08-05 20:50:06.000,2025-08-05 20:50:06.000
"202508052100","202508071100","03800",900.00,5.61,2025-08-05 20:50:06.000,2025-08-05 20:50:06.000
"202508052100","202508071200","03900",950.00,-8.33,2025-08-05 20:50:06.000,2025-08-05 20:50:06.000
"202508052100","202508071300","04000",850.00,-4.79,2025-08-05 20:50:06.000,2025-08-05 20:50:06.000
"202508052100","202508071400","04100",850.00,-14.30,2025-08-05 20:50:06.000,2025-08-05 20:50:06.000
"202508052100","202508071500","04200",850.00,11.36,2025-08-05 20:50:06.000,2025-08-05 20:50:06.000
"202508052100","202508071600","04300",900.00,10.59,2025-08-05 20:50:06.000,2025-08-05 20:50:06.000
"202508052100","202508071700","04400",350.00,-703.13,2025-08-05 20:50:06.000,2025-08-05 20:50:06.000
"202508052100","202508071800","04500",1000.00,-48.28,2025-08-05 20:50:06.000,2025-08-05 20:50:06.000
"202508052100","202508071900","04600",350.00,-755.28,2025-08-05 20:50:06.000,2025-08-05 20:50:06.000
"202508052100","202508072000","04700",1000.00,-62.86,2025-08-05 20:50:06.000,2025-08-05 20:50:06.000
"202508052100","202508072100","04800",950.00,-11.85,2025-08-05 20:50:06.000,2025-08-05 20:50:06.000
"202508052100","202508072200","04900",750.00,10.93,2025-08-05 20:50:06.000,2025-08-05 20:50:06.000
"202508052100","202508072300","05000",750.00,-0.67,2025-08-05 20:50:06.000,2025-08-05 20:50:06.000
"202508052100","202508080000","05100",650.00,-7.77,2025-08-05 20:50:06.000,2025-08-05 20:50:06.000
